Municipio;Código Organizacion;Tipo;Hectáreas;Periodo de Siembra
SAN BERNARDO;59;ZAPALLO;2;FEB 
NAPENAY;17;ZAPALLO;0,2;OCTUBRE 
CORZUELA;43;ZAPALLO;5;
AVIA TERAI;100;ZAPALLO;2;
CORZUELA;43;ZAPALLO;2,5;
CORZUELA;43;ZAPALLO;1;JULIO
CAMPO LARGO;14;ZAPALLO;1;AGO
CAMPO LARGO;14;ZAPALLO;1;ENE
CAMPO LARGO;14;ZAPALLO;1;ENE
CAMPO LARGO;14;ZAPALLO;0,5;AGO
CAMPO LARGO;14;ZAPALLO;1;AGO
CAMPO LARGO;14;ZAPALLO;1;ENE
CAMPO LARGO;14;ZAPALLO;0,5;AGO
CAMPO LARGO;14;ZAPALLO;0,5;SEP
CAMPO LARGO;14;ZAPALLO;0,5;ENE
CAMPO LARGO;14;ZAPALLO;2;ENE
CAMPO LARGO;14;ZAPALLO;1;AGO
CAMPO LARGO;14;ZAPALLO;0,5;ENE
CAMPO LARGO;14;ZAPALLO;0,5;AGO
CAMPO LARGO;14;ZAPALLO;0,5;ENE
CAMPO LARGO;14;ZAPALLO;0,5;ENE
CAMPO LARGO;14;ZAPALLO;1;ENE
CAMPO LARGO;14;ZAPALLO;1;AGO
CAMPO LARGO;14;ZAPALLO;1;AGO
CAMPO LARGO;14;ZAPALLO;1;AGO
CAMPO LARGO;14;ZAPALLO;0,5;ENE
AVIA TERAI;18;ZAPALLO;2;
AVIA TERAI;18;MANDIOCA;1;SEPTIEMBRE
AVIA TERAI;18;ZAPALLO;1;SEPTIEMBRE
AVIA TERAI;18;ZAPALLO;1;
AVIA TERAI;100;ZAPALLO;0,25;
AVIA TERAI;18;ZAPALLO;1;
AVIA TERAI;18;MANDIOCA;1;
AVIA TERAI;18;ZAPALLO;1;
AVIA TERAI;100;ZAPALLO;0,5;
AVIA TERAI;18;ZAPALLO;1;
AVIA TERAI;18;MANDIOCA;1;
AVIA TERAI;18;ZAPALLO;1;
AVIA TERAI;18;ZAPALLO;21;
AVIA TERAI;18;ZAPALLO;0,5;
AVIA TERAI;18;MANDIOCA;1;
AVIA TERAI;18;ZAPALLO;1;
AVIA TERAI;18;ZAPALLO;1;
AVIA TERAI;100;ZAPALLO;0,5;FEBRERO
AVIA TERAI;100;ZAPALLO;1;
AVIA TERAI;100;ZAPALLO;1;
AVIA TERAI;100;ZAPALLO;1;AGOSTO
AVIA TERAI;100;ZAPALLO;0,5;Y BATATA
AVIA TERAI;100;ZAPALLO;3;
AVIA TERAI;18;MANDIOCA;1;
AVIA TERAI;18;ZAPALLO;1;
AVIA TERAI;18;MANDIOCA;1;
AVIA TERAI;18;ZAPALLO;1;
AVIA TERAI;18;ZAPALLO;0,5;
AVIA TERAI;18;MANDIOCA;0,25;
AVIA TERAI;18;ZAPALLO;0,25;
AVIA TERAI;18;ZAPALLO;1;
AVIA TERAI;18;ZAPALLO;1;
GENERAL J. DE SAN MARTIN;24;ZAPALLO;1;sep
GENERAL J. DE SAN MARTIN;24;MANDIOCA;1;jul/ago
GENERAL J. DE SAN MARTIN;24;ZAPALLO;1;ago/sep
GENERAL J. DE SAN MARTIN;24;MANDIOCA;1;jul
GENERAL J. DE SAN MARTIN;24;ZAPALLO;1,2;jul
GENERAL J. DE SAN MARTIN;24;ZAPALLO;3;OCTUBRE
GENERAL J. DE SAN MARTIN;24;ZAPALLO;1;jul
GENERAL J. DE SAN MARTIN;24;ZAPALLO;0;
GENERAL J. DE SAN MARTIN;24;MANDIOCA;0;anual
GENERAL J. DE SAN MARTIN;24;ZAPALLO;0;feb
GENERAL J. DE SAN MARTIN;24;ZAPALLO;1;anual
GENERAL J. DE SAN MARTIN;24;MANDIOCA;0,5;TODO EL AÑO
GENERAL J. DE SAN MARTIN;24;ZAPALLO;0,5;TODO EL AÑO
GENERAL J. DE SAN MARTIN;24;MANDIOCA;0,5;SEPTIEMBRE
GENERAL J. DE SAN MARTIN;24;ZAPALLO;0,5;SEPTIEMBRE
GENERAL J. DE SAN MARTIN;24;MANDIOCA;2;ago/feb
GENERAL J. DE SAN MARTIN;24;ZAPALLO;2;ago/dic
GENERAL J. DE SAN MARTIN;24;MANDIOCA;1,2;sep
GENERAL J. DE SAN MARTIN;24;ZAPALLO;1;sep
GENERAL J. DE SAN MARTIN;24;MANDIOCA;0,5;SEPTIEMBRE
GENERAL J. DE SAN MARTIN;24;ZAPALLO;1;SEPTIEMBRE
GENERAL J. DE SAN MARTIN;24;MANDIOCA;1,2;sep
GENERAL J. DE SAN MARTIN;24;ZAPALLO;1;sep/ene
EL SAUZALITO;75;ZAPALLO;0,5;julio
EL SAUZALITO;75;ZAPALLO;0,5;agosto
EL SAUZALITO;75;ZAPALLO;0,5;julio
EL SAUZALITO;75;ZAPALLO;0,25;agosto a diciembre
EL SAUZALITO;75;ZAPALLO;0,5;octubre 
EL SAUZALITO;75;ZAPALLO;0,5;agosto
EL SAUZALITO;75;ZAPALLO;0,5;agosto
EL SAUZALITO;75;ZAPALLO;1;agosto
EL SAUZALITO;75;ZAPALLO;1;septiembre
EL SAUZALITO;75;ZAPALLO;125;julio
EL SAUZALITO;75;ZAPALLO;0,25;agosto
EL SAUZALITO;75;ZAPALLO;0,25;noviembre
EL SAUZALITO;75;ZAPALLO;125;octubre
EL SAUZALITO;75;ZAPALLO;0,5;agosto
EL SAUZALITO;75;ZAPALLO;0,5;agosto
EL SAUZALITO;75;ZAPALLO;125;agosto
EL SAUZALITO;75;ZAPALLO;0,5;septiembre
EL SAUZALITO;75;ZAPALLO;0,25;julio a agosto
EL SAUZALITO;75;ZAPALLO;0,5;septiembre
GENERAL J. DE SAN MARTIN;57;MANDIOCA;0,5;AGOSTO-SEPTIEMBRE
GENERAL J. DE SAN MARTIN;57;ZAPALLO;0,5;FEBRERO
GENERAL J. DE SAN MARTIN;57;MANDIOCA;0,5;
LA TIGRA;42;ZAPALLO;1,9;ENERO 
LA TIGRA;42;ZAPALLO;0,25;
LA TIGRA;42;ZAPALLO;10;
TRES ISLETAS;91;MANDIOCA;0,25;AGOSTO
TRES ISLETAS;91;MANDIOCA;0,5;AGO
TRES ISLETAS;91;ZAPALLO;0,5;AGO
TRES ISLETAS;91;MANDIOCA;0,5;
TRES ISLETAS;91;ZAPALLO;1,5;
TRES ISLETAS;91;MANDIOCA;0,25;AGO
TRES ISLETAS;91;ZAPALLO;1;AGO
TRES ISLETAS;91;MANDIOCA;1;AGOSTO 
TRES ISLETAS;91;ZAPALLO;4;AGOSTO
TRES ISLETAS;91;MANDIOCA;0,5;AGO
TRES ISLETAS;91;ZAPALLO;1;AGO
TRES ISLETAS;91;MANDIOCA;0,5;AGOSTO
TRES ISLETAS;91;ZAPALLO;0,5;AGOSTO
TRES ISLETAS;91;MANDIOCA;0,25;AGO
TRES ISLETAS;91;ZAPALLO;1,5;AGO
TRES ISLETAS;91;MANDIOCA;0,5;
TRES ISLETAS;91;ZAPALLO;2;
TRES ISLETAS;91;MANDIOCA;0,25;AGOSTO
TRES ISLETAS;91;ZAPALLO;0,25;AGOSTO
TRES ISLETAS;91;MANDIOCA;0,5;AGOSTO
TRES ISLETAS;91;ZAPALLO;0,5;AGOSTO
CAMPO LARGO;14;ZAPALLO;0,5;ENE
GENERAL J. DE SAN MARTIN;68;ZAPALLO;6;
TRES ISLETAS;91;ZAPALLO;4;AGOSTO
TRES ISLETAS;91;MANDIOCA;0,5;AGO
TRES ISLETAS;91;ZAPALLO;2;AGO
TRES ISLETAS;91;ZAPALLO;2;AGO
TRES ISLETAS;91;MANDIOCA;0,5;AGO
TRES ISLETAS;91;ZAPALLO;0,5;AGO
TRES ISLETAS;91;MANDIOCA;0,5;AGOSTO
TRES ISLETAS;91;ZAPALLO;1,5;AGOSTO
TRES ISLETAS;91;ZAPALLO;3;JUL/ AGO
TRES ISLETAS;91;MANDIOCA;0,5;AGO
TRES ISLETAS;91;ZAPALLO;1;AGO
TRES ISLETAS;91;ZAPALLO;2;AGOSTO 
TRES ISLETAS;91;MANDIOCA;0,5;AGO
TRES ISLETAS;91;ZAPALLO;1;AGO
TRES ISLETAS;91;MANDIOCA;0,5;AGO
TRES ISLETAS;91;ZAPALLO;4;AGO
TRES ISLETAS;37;MANDIOCA;0,25;
TRES ISLETAS;37;ZAPALLO;0,25;
TRES ISLETAS;37;MANDIOCA;0,25;NOV
TRES ISLETAS;37;ZAPALLO;0,25;NOV
TRES ISLETAS;37;MANDIOCA;0,5;SEPT
TRES ISLETAS;37;ZAPALLO;0,5;SEPT 
TRES ISLETAS;37;ZAPALLO;0,25;NOV
TRES ISLETAS;37;ZAPALLO;0,25;ENERO
TRES ISLETAS;37;ZAPALLO;1;
TRES ISLETAS;37;MANDIOCA;0,5;agosto 
TRES ISLETAS;37;ZAPALLO;0,5;agosto 
TRES ISLETAS;37;MANDIOCA;0,5;
TRES ISLETAS;37;ZAPALLO;0,5;
TRES ISLETAS;37;ZAPALLO;0,25;
TRES ISLETAS;37;MANDIOCA;0,25;AGOSTO 
TRES ISLETAS;37;ZAPALLO;0,25;AGOSTO 
TRES ISLETAS;37;ZAPALLO;0;
GENERAL J. DE SAN MARTIN;68;ZAPALLO;1;
GENERAL J. DE SAN MARTIN;68;ZAPALLO;2,5;
GENERAL J. DE SAN MARTIN;68;ZAPALLO;2;
GENERAL J. DE SAN MARTIN;68;ZAPALLO;1;
GENERAL J. DE SAN MARTIN;68;ZAPALLO;2;
GENERAL J. DE SAN MARTIN;68;ZAPALLO;1;
GENERAL J. DE SAN MARTIN;68;ZAPALLO;4;
GENERAL J. DE SAN MARTIN;68;ZAPALLO;4;
PAMPA DEL INDIO;96;ZAPALLO;2;
PAMPA DEL INDIO;96;ZAPALLO;3;
PAMPA DEL INDIO;96;ZAPALLO;0;
PAMPA DEL INDIO;96;ZAPALLO;1;
PAMPA DEL INDIO;96;ZAPALLO;2;JULIO
PAMPA DEL INDIO;96;ZAPALLO;1;JULIO
PAMPA DEL INDIO;96;ZAPALLO;2;
PAMPA DEL INDIO;96;ZAPALLO;0,5;JULIO
PAMPA DEL INDIO;96;ZAPALLO;1;JUNIO
PAMPA DEL INDIO;96;ZAPALLO;2;
PAMPA DEL INDIO;96;ZAPALLO;2;
PAMPA DEL INDIO;96;ZAPALLO;2;JULIO
PAMPA DEL INDIO;96;ZAPALLO;2;JULIO
PAMPA DEL INDIO;96;ZAPALLO;1;
PAMPA DEL INDIO;95;ZAPALLO;2;AGOSTO
PAMPA DEL INDIO;95;ZAPALLO;1;JULIO
PAMPA DEL INDIO;95;ZAPALLO;1;AGOSTO
PAMPA DEL INDIO;95;ZAPALLO;1;
PAMPA DEL INDIO;95;ZAPALLO;2;JULIO
GENERAL J. DE SAN MARTIN;95;ZAPALLO;1;JULIO
PAMPA DEL INDIO;95;ZAPALLO;1,5;
PAMPA DEL INDIO;95;ZAPALLO;0,5;
PAMPA DEL INDIO;95;ZAPALLO;0,5;JULIO
PAMPA DEL INDIO;95;ZAPALLO;1;
PAMPA DEL INDIO;95;ZAPALLO;1;JULIO
PAMPA DEL INDIO;95;ZAPALLO;1;JULIO
PAMPA DEL INDIO;95;ZAPALLO;1;JULIO
PAMPA DEL INDIO;95;ZAPALLO;1;JULIO
PAMPA DEL INDIO;95;ZAPALLO;2;
GENERAL J. DE SAN MARTIN;95;ZAPALLO;0;
PAMPA DEL INDIO;95;ZAPALLO;1;
PAMPA DEL INDIO;96;ZAPALLO;2;JULIO
PAMPA DEL INDIO;96;ZAPALLO;3;JULIO
PAMPA DEL INDIO;96;ZAPALLO;2;
PAMPA DEL INDIO;96;ZAPALLO;3;JULIO
PAMPA DEL INDIO;96;ZAPALLO;0;
PAMPA DEL INDIO;96;ZAPALLO;3;
PAMPA DEL INDIO;96;ZAPALLO;1;
PAMPA DEL INDIO;96;ZAPALLO;2;
PAMPA DEL INDIO;96;ZAPALLO;2;
PAMPA DEL INDIO;96;ZAPALLO;3;
QUITILIPI;2;ZAPALLO;9;JUL/ENE
QUITILIPI;2;MANDIOCA;0,05;SEPTIEMBRE
QUITILIPI;2;ZAPALLO;2;SEPTIEMBRE
QUITILIPI;2;ZAPALLO;2;AGO
QUITILIPI;2;ZAPALLO;1;AGO
TRES ISLETAS;2;ZAPALLO;5;JULIO
QUITILIPI;2;ZAPALLO;1;JULIO
QUITILIPI;2;MANDIOCA;0,5;
QUITILIPI;2;ZAPALLO;3;JUL-AGO/ NOV-DIC
QUITILIPI;2;ZAPALLO;6;
QUITILIPI;37;ZAPALLO;0,5;
QUITILIPI;2;MANDIOCA;0,5;JUL
QUITILIPI;2;ZAPALLO;0,5;JUL
QUITILIPI;2;ZAPALLO;1;JUL/ENE
QUITILIPI;2;ZAPALLO;1;
QUITILIPI;0;MANDIOCA;0,25;
QUITILIPI;0;ZAPALLO;1;
QUITILIPI;2;MANDIOCA;0,25;AGOSTO 
QUITILIPI;2;ZAPALLO;0,25;JULIO
QUITILIPI;2;MANDIOCA;0,5;JULIO
QUITILIPI;2;ZAPALLO;0,5;JULIO
QUITILIPI;2;MANDIOCA;1,05;
QUITILIPI;2;ZAPALLO;1;
QUITILIPI;2;MANDIOCA;0,25;SEPTIEMBRE
QUITILIPI;2;ZAPALLO;1;JULIO
LAS GARCITAS;4;MANDIOCA;2;
LAS GARCITAS;4;ZAPALLO;2;
MACHAGAI;3;MANDIOCA;1,2;AGOSTO
MACHAGAI;3;ZAPALLO;1,2;AGOSTO
MACHAGAI;3;ZAPALLO;1;
MACHAGAI;3;MANDIOCA;1,4;
MACHAGAI;3;ZAPALLO;1,4;
MACHAGAI;3;MANDIOCA;1;SEPTIEMBRE
MACHAGAI;3;ZAPALLO;1;SEPTIEMBRE
QUITILIPI;3;MANDIOCA;1;
LAS GARCITAS;4;ZAPALLO;1;SEPTIEMBRE
LAS GARCITAS;4;MANDIOCA;0;
LAS GARCITAS;4;ZAPALLO;0;
MACHAGAI;3;ZAPALLO;12;
QUITILIPI;72;MANDIOCA;1;
QUITILIPI;72;ZAPALLO;1;
LAS GARCITAS;4;MANDIOCA;0,25;
LAS GARCITAS;4;MANDIOCA;1;
LAS GARCITAS;4;ZAPALLO;0;
LAS GARCITAS;4;MANDIOCA;1;JUL
LAS GARCITAS;4;ZAPALLO;0,5;JUL
LAS GARCITAS;4;MANDIOCA;0,5;AGOSTO
LAS GARCITAS;4;ZAPALLO;0,5;ENERO
LAS GARCITAS;4;ZAPALLO;0,5;AGO
LAS GARCITAS;4;MANDIOCA;0,5;JULIO_AGOSTO
LAS GARCITAS;4;ZAPALLO;0,5;JULIOAGOSTO
LAS GARCITAS;4;ZAPALLO;0;AGO
LAS GARCITAS;4;ZAPALLO;0,5;SEPT-FEBRERO
LAS GARCITAS;4;MANDIOCA;0,5;
LAS GARCITAS;4;ZAPALLO;0,5;JULIO- AGOSTO
MACHAGAI;5;MANDIOCA;1;
MACHAGAI;5;ZAPALLO;0,5;
QUITILIPI;5;MANDIOCA;0,5;
QUITILIPI;5;ZAPALLO;0,5;
MACHAGAI;5;MANDIOCA;1,5;
QUITILIPI;5;ZAPALLO;0;
MACHAGAI;5;ZAPALLO;1;
VILLA BERTHET;5;ZAPALLO;0,5;
MACHAGAI;5;ZAPALLO;2;
MACHAGAI;5;ZAPALLO;0;
MACHAGAI;5;MANDIOCA;0,25;
MACHAGAI;5;ZAPALLO;0,25;
MACHAGAI;5;ZAPALLO;1;
MACHAGAI;5;MANDIOCA;0;
MACHAGAI;5;ZAPALLO;0;
MACHAGAI;5;MANDIOCA;0,5;Julio
MACHAGAI;5;ZAPALLO;0,5;Junio/Agosto
MACHAGAI;5;MANDIOCA;1;
VILLA BERTHET;5;MANDIOCA;0,5;
VILLA BERTHET;5;ZAPALLO;0,5;
MACHAGAI;5;MANDIOCA;1;
MACHAGAI;5;MANDIOCA;1;
MACHAGAI;5;MANDIOCA;0;
MACHAGAI;5;ZAPALLO;0;
QUITILIPI;5;ZAPALLO;0,3;
COLONIA BENITEZ;6;BATATA;0;AGOSTO
COLONIA BENITEZ;6;ZAPALLO;0;AGOSTO
MARGARITA BELEN;6;BATATA;1;
MARGARITA BELEN;6;MANDIOCA;3;
MARGARITA BELEN;6;ZAPALLO;1;
LAS PALMAS;8;MANDIOCA;0,5;oct/abr
LAS PALMAS;8;ZAPALLO;0,5;ago-dic
LAS PALMAS;8;MANDIOCA;0,25;ago/sep
LAS PALMAS;8;ZAPALLO;0,25;
LAS PALMAS;8;MANDIOCA;0,25;sep
LAS PALMAS;8;ZAPALLO;0,5;sep
LAS PALMAS;8;MANDIOCA;1;ago
LAS PALMAS;8;MANDIOCA;1;ago
LAS PALMAS;8;MANDIOCA;1;agosto
LAS PALMAS;8;MANDIOCA;1;agosto
LAS PALMAS;8;ZAPALLO;1;agosto
LAS PALMAS;8;ZAPALLO;1;agosto
LAS PALMAS;8;ZAPALLO;1;ago
LAS PALMAS;8;ZAPALLO;1;ago
LA LEONESA;8;MANDIOCA;1;agosto
LA LEONESA;8;ZAPALLO;1;ago
LA LEONESA;8;MANDIOCA;1;ago
LA LEONESA;8;MANDIOCA;0,5;ago
LA LEONESA;8;ZAPALLO;6,5;ago
LA LEONESA;8;MANDIOCA;0,5;ago
LA LEONESA;8;ZAPALLO;0,5;ago
LAS PALMAS;8;MANDIOCA;0,25;SEPTIEMBRE
LAS PALMAS;8;ZAPALLO;0,25;SEPTIEMBRE
ISLA DEL CERRITO;8;ZAPALLO;3;ago
LA LEONESA;8;MANDIOCA;1;
LA LEONESA;8;ZAPALLO;1;
LA LEONESA;8;MANDIOCA;1;ago
LA LEONESA;8;ZAPALLO;1,5;ago
LAS PALMAS;8;MANDIOCA;0,75;agosto/septiembre
LAS PALMAS;8;ZAPALLO;0,25;ago/sep
LA LEONESA;8;MANDIOCA;1;
LA LEONESA;8;MANDIOCA;0,25;ago
LA LEONESA;8;ZAPALLO;0,25;sep
LA LEONESA;8;MANDIOCA;0,25;ago
LA LEONESA;8;ZAPALLO;1,25;ago
LA LEONESA;8;MANDIOCA;0,25;ago
LA LEONESA;8;ZAPALLO;0,25;ago
LA LEONESA;8;MANDIOCA;0,5;ago
LA LEONESA;8;ZAPALLO;0,5;ago
LA LEONESA;8;MANDIOCA;1;ago
LA LEONESA;8;ZAPALLO;0,25;ago
LA LEONESA;8;MANDIOCA;1;ago
LAS PALMAS;8;MANDIOCA;1;ago
LA LEONESA;8;MANDIOCA;0,5;ago
LA LEONESA;8;ZAPALLO;0,5;ago
LA EDUVIGIS;22;ZAPALLO;2;Agosto
LA EDUVIGIS;22;ZAPALLO;2;Agosto
LA EDUVIGIS;22;ZAPALLO;1;ago
LA EDUVIGIS;22;ZAPALLO;1;ago
GENERAL VEDIA;9;MANDIOCA;0,5;
GENERAL VEDIA;9;ZAPALLO;0,5;
LA LEONESA;9;MANDIOCA;2;
LA LEONESA;9;ZAPALLO;2;
LA LEONESA;9;MANDIOCA;1;
LA LEONESA;9;ZAPALLO;1;
LA LEONESA;9;ZAPALLO;0,25;
LA LEONESA;9;MANDIOCA;0,5;
LA LEONESA;9;ZAPALLO;0,5;
LA LEONESA;8;MANDIOCA;1;ago
LA LEONESA;8;ZAPALLO;0,5;ago
LA LEONESA;9;MANDIOCA;0,5;
LA LEONESA;9;ZAPALLO;0,5;
LA LEONESA;9;MANDIOCA;0,5;AGOST./SEP.
LA LEONESA;9;ZAPALLO;0,5;AGOST./SEPT.
LA LEONESA;9;ZAPALLO;0,5;AGOST./SEP.
PCIA. DE LA PLAZA;10;MANDIOCA;0,5;JUN-AGO
PCIA. DE LA PLAZA;10;ZAPALLO;0,5;JUN-AGO
PCIA. DE LA PLAZA;10;MANDIOCA;1;SEP
PCIA. DE LA PLAZA;10;ZAPALLO;1;FEB
PCIA. DE LA PLAZA;10;MANDIOCA;3;SEP
PCIA. DE LA PLAZA;10;ZAPALLO;1;SEP
FONTANA;10;MANDIOCA;0,5;
FONTANA;10;ZAPALLO;0,5;
PCIA. DE LA PLAZA;10;MANDIOCA;1;
PCIA. DE LA PLAZA;10;ZAPALLO;1;
PCIA. DE LA PLAZA;10;MANDIOCA;0,5;NOV
PCIA. DE LA PLAZA;10;ZAPALLO;0,5;NOV
PCIA. DE LA PLAZA;10;MANDIOCA;0,5;FEB
PCIA. DE LA PLAZA;10;ZAPALLO;0,5;FEB
PCIA. DE LA PLAZA;10;ZAPALLO;2;SEP
PCIA. DE LA PLAZA;10;MANDIOCA;0,5;FEB-MAR
PCIA. DE LA PLAZA;10;ZAPALLO;0,25;JUN-AGO
PCIA. DE LA PLAZA;10;MANDIOCA;0,5;JUN-AGO
PCIA. DE LA PLAZA;10;ZAPALLO;0,5;JUN-AGO
PCIA. DE LA PLAZA;10;MANDIOCA;0,5;FEB
PCIA. DE LA PLAZA;10;ZAPALLO;2;JUN
PCIA. DE LA PLAZA;10;MANDIOCA;3;AGO
PCIA. DE LA PLAZA;10;ZAPALLO;3;AGO
PCIA. DE LA PLAZA;10;MANDIOCA;1,5;
PCIA. DE LA PLAZA;10;ZAPALLO;2,5;
PCIA. DE LA PLAZA;10;ZAPALLO;2;SEP
PCIA. DE LA PLAZA;10;MANDIOCA;0,5;OCT
PCIA. DE LA PLAZA;10;ZAPALLO;0,25;JUN-AGO
PCIA. DE LA PLAZA;10;MANDIOCA;0,5;JUN-AGO
PCIA. DE LA PLAZA;10;ZAPALLO;0,5;FEB-MAR
PCIA. DE LA PLAZA;10;MANDIOCA;1;JUL
PCIA. DE LA PLAZA;10;ZAPALLO;7;SEP
VILLA RIO BERMEJITO;11;ZAPALLO;84;
VILLA RIO BERMEJITO;11;ZAPALLO;3;
VILLA RIO BERMEJITO;11;ZAPALLO;2;AGOSTO
VILLA RIO BERMEJITO;11;MANDIOCA;0;
VILLA RIO BERMEJITO;11;ZAPALLO;0;
VILLA RIO BERMEJITO;11;MANDIOCA;0,5;SEPT
VILLA RIO BERMEJITO;11;ZAPALLO;1;AGOSTO
VILLA RIO BERMEJITO;11;MANDIOCA;2;SEPTIEMBRE
VILLA RIO BERMEJITO;11;ZAPALLO;4;AGOSTO
JUAN JOSE CASTELLI;58;ZAPALLO;0,5;
VILLA RIO BERMEJITO;11;MANDIOCA;0,5;SEPTIEMBRE 
VILLA RIO BERMEJITO;11;ZAPALLO;1;SEPTIEMBRE
VILLA RIO BERMEJITO;11;ZAPALLO;1;
PAMPA DEL INDIO;11;ZAPALLO;2;JULIO
PAMPA DEL INDIO;11;ZAPALLO;0,5;JULIO-AGOSTO
VILLA RIO BERMEJITO;11;MANDIOCA;0,5;
VILLA RIO BERMEJITO;11;ZAPALLO;1,5;
VILLA RIO BERMEJITO;58;ZAPALLO;1;AGOS.-MARZ
PAMPA DEL INDIO;11;MANDIOCA;0,5;SEPTIEMBRE
PAMPA DEL INDIO;11;ZAPALLO;1;AGOSTO
VILLA RIO BERMEJITO;11;MANDIOCA;0,5;SEPTIEMBRE
VILLA RIO BERMEJITO;11;ZAPALLO;0,5;SEPTIEMBRE
VILLA RIO BERMEJITO;11;MANDIOCA;0,5;
VILLA RIO BERMEJITO;11;ZAPALLO;1;
TRES ISLETAS;12;MANDIOCA;1;Noviembre 
TRES ISLETAS;12;ZAPALLO;1;Noviembre
TRES ISLETAS;12;ZAPALLO;0,5;FEBRERO 
TRES ISLETAS;12;MANDIOCA;50;noviembre 
TRES ISLETAS;12;ZAPALLO;2;Febrero
TRES ISLETAS;12;ZAPALLO;1;AGOSTO 
TRES ISLETAS;37;MANDIOCA;0,5;
TRES ISLETAS;37;ZAPALLO;1;
TRES ISLETAS;12;ZAPALLO;2;Febrero
TRES ISLETAS;12;ZAPALLO;1;AGOSTO 
TRES ISLETAS;12;ZAPALLO;30;SEPT
TRES ISLETAS;12;ZAPALLO;2;Agosto
TRES ISLETAS;12;ZAPALLO;1;Enero
TRES ISLETAS;12;ZAPALLO;1;
TRES ISLETAS;12;MANDIOCA;20;AGOSTO
TRES ISLETAS;12;ZAPALLO;20;AGOSTO
TRES ISLETAS;12;MANDIOCA;0,5;
TRES ISLETAS;12;ZAPALLO;0,2;
TRES ISLETAS;12;ZAPALLO;3;
TRES ISLETAS;12;ZAPALLO;0;Febrero
TRES ISLETAS;12;ZAPALLO;1;
TRES ISLETAS;12;MANDIOCA;0,25;AGOSTO 
TRES ISLETAS;12;ZAPALLO;0,25;AGOSTO 
TRES ISLETAS;12;MANDIOCA;2;AGOSTO 
TRES ISLETAS;12;MANDIOCA;0,2;JULIO 
TRES ISLETAS;12;ZAPALLO;0,2;FEBRERO 
TRES ISLETAS;12;ZAPALLO;1;agosto
TRES ISLETAS;12;ZAPALLO;10;JULIO
TRES ISLETAS;12;ZAPALLO;1;Agosto
MACHAGAI;13;MANDIOCA;0,5;
MACHAGAI;13;ZAPALLO;0,5;Junio-Agosto
MACHAGAI;13;ZAPALLO;2;Junio Agosto
MACHAGAI;13;ZAPALLO;0,5;Jul/Ago
MACHAGAI;13;ZAPALLO;3;Agosto
MACHAGAI;13;MANDIOCA;0;
MACHAGAI;13;ZAPALLO;2;Agosto
MACHAGAI;13;MANDIOCA;5;
MACHAGAI;13;ZAPALLO;3;
MACHAGAI;13;MANDIOCA;0;
MACHAGAI;13;ZAPALLO;0;
MACHAGAI;13;MANDIOCA;0,25;
MACHAGAI;13;ZAPALLO;0,25;
MACHAGAI;13;MANDIOCA;0;Mandioca
MACHAGAI;13;ZAPALLO;0;Agosto
MACHAGAI;13;MANDIOCA;0,5;
MACHAGAI;13;MANDIOCA;0;
MACHAGAI;13;ZAPALLO;0;
MACHAGAI;13;ZAPALLO;0;
MACHAGAI;13;ZAPALLO;0,5;
MACHAGAI;13;MANDIOCA;0;
MACHAGAI;13;ZAPALLO;0;
MACHAGAI;13;ZAPALLO;3;Agosto
MACHAGAI;13;ZAPALLO;0,5;Jul/Ago
MACHAGAI;13;ZAPALLO;0,5;
MACHAGAI;13;ZAPALLO;0,5;Jul/Ago
MACHAGAI;13;ZAPALLO;0,25;Jul/Ago
MACHAGAI;13;MANDIOCA;0,25;
MACHAGAI;13;ZAPALLO;0,25;
CAMPO LARGO;14;MANDIOCA;1;ENE
CAMPO LARGO;14;ZAPALLO;0,5;AGO
CAMPO LARGO;14;ZAPALLO;1;AGO
CAMPO LARGO;14;MANDIOCA;0,5;AGO
CAMPO LARGO;14;ZAPALLO;1;AGO
CAMPO LARGO;14;MANDIOCA;0,5;ANUAL
CAMPO LARGO;14;ZAPALLO;2;ENE
CONCEPCION DEL BERMEJO;15;ZAPALLO;10;
CONCEPCION DEL BERMEJO;15;ZAPALLO;0,25;
CONCEPCION DEL BERMEJO;15;ZAPALLO;0,5;oct
CONCEPCION DEL BERMEJO;15;ZAPALLO;3;dic
CONCEPCION DEL BERMEJO;15;ZAPALLO;1,5;
CONCEPCION DEL BERMEJO;15;ZAPALLO;2,5;dic
CONCEPCION DEL BERMEJO;15;ZAPALLO;2,5;dic
CONCEPCION DEL BERMEJO;15;ZAPALLO;1;dic
PAMPA DEL INFIERNO;16;ZAPALLO;1;noviembre
PAMPA DEL INFIERNO;16;ZAPALLO;0;
PAMPA DEL INFIERNO;16;ZAPALLO;2,5;julio
PAMPA DEL INFIERNO;16;ZAPALLO;4;noviembre 
NAPENAY;17;ZAPALLO;0,5;OCTUBRE 
NAPENAY;17;ZAPALLO;0,5;OCTUBRE 
NAPENAY;17;ZAPALLO;0,5;OCTUBRE 
NAPENAY;17;ZAPALLO;0,5;OCTUBRE 
NAPENAY;17;ZAPALLO;0;OCTUBRE 
NAPENAY;17;ZAPALLO;0,2;OCTUBRE 
NAPENAY;17;BATATA;2;
NAPENAY;17;MANDIOCA;0,5;
NAPENAY;17;ZAPALLO;0,5;
NAPENAY;17;ZAPALLO;0,5;OCTUBRE 
NAPENAY;17;ZAPALLO;0,5;OCTUBRE 
NAPENAY;17;MANDIOCA;0,5;OCTUBRE 
NAPENAY;17;ZAPALLO;0,5;OCTUBRE 
NAPENAY;17;ZAPALLO;0,5;OCTUBRE 
NAPENAY;17;ZAPALLO;0,25;OCTUBRE 
NAPENAY;17;ZAPALLO;0,5;OCTUBRE 
NAPENAY;17;ZAPALLO;0,5;OCTUBRE 
NAPENAY;17;ZAPALLO;0,2;OCTUBRE 
NAPENAY;17;MANDIOCA;0,5;DICIEMBRE 
NAPENAY;17;ZAPALLO;0,5;OCTUBRE 
NAPENAY;17;ZAPALLO;0,2;OCTUBRE 
NAPENAY;17;ZAPALLO;0,5;OCTUBRE 
CAMPO LARGO;17;MANDIOCA;0,5;OCTUBRE 
CAMPO LARGO;17;ZAPALLO;0,5;OCTUBRE 
NAPENAY;17;ZAPALLO;0,5;OCTUBRE 
NAPENAY;17;MANDIOCA;0,2;DICIEMBRE 
NAPENAY;17;ZAPALLO;0,2;OCTUBRE 
NAPENAY;17;MANDIOCA;0,5;ENERO 
NAPENAY;17;ZAPALLO;0,5;OCTUBRE 
NAPENAY;17;ZAPALLO;0,5;OCTUBRE 
NAPENAY;17;ZAPALLO;0,2;OCTUBRE 
NAPENAY;17;ZAPALLO;0,5;OCTUBRE 
NAPENAY;17;ZAPALLO;0,5;DICIEMBRE 
NAPENAY;17;ZAPALLO;0,5;OCTUBRE 
NAPENAY;17;ZAPALLO;0,2;OCTUBRE
NAPENAY;17;ZAPALLO;0,5;OCTUBRE 
NAPENAY;17;ZAPALLO;0,2;OCTUBRE 
NAPENAY;17;ZAPALLO;0,2;OCTUBRE 
NAPENAY;17;ZAPALLO;0,5;DICIEMBRE 
AVIA TERAI;18;MANDIOCA;1;
AVIA TERAI;18;ZAPALLO;1;
AVIA TERAI;18;ZAPALLO;1;
GENERAL VEDIA;19;MANDIOCA;1;
GENERAL VEDIA;19;ZAPALLO;0,5;
LA LEONESA;19;MANDIOCA;1;
LA LEONESA;19;MANDIOCA;1;
LA LEONESA;19;MANDIOCA;1,5;
LA LEONESA;19;MANDIOCA;1,5;
LA LEONESA;19;ZAPALLO;1;
LA LEONESA;19;ZAPALLO;1;
LA LEONESA;19;ZAPALLO;1;
LA LEONESA;19;ZAPALLO;1;
GENERAL VEDIA;19;MANDIOCA;0,5;JUN-AGOS
GENERAL VEDIA;19;ZAPALLO;0,5;JUN- AGOS
GENERAL VEDIA;19;MANDIOCA;2;
GENERAL VEDIA;19;ZAPALLO;2;
GENERAL VEDIA;19;MANDIOCA;0,5;
GENERAL VEDIA;19;ZAPALLO;0,5;
GENERAL VEDIA;19;MANDIOCA;2;AGO/SEP
GENERAL VEDIA;19;ZAPALLO;2;AGO/SEP
GENERAL VEDIA;19;MANDIOCA;0;
GENERAL VEDIA;19;ZAPALLO;0;
PUERTO EVA PERON;20;MANDIOCA;2;
GENERAL VEDIA;19;MANDIOCA;0,5;
GENERAL VEDIA;19;ZAPALLO;0,5;
GENERAL VEDIA;19;MANDIOCA;0;
GENERAL VEDIA;19;ZAPALLO;0;
GENERAL VEDIA;19;MANDIOCA;0,25;
GENERAL VEDIA;19;ZAPALLO;0,25;
GENERAL VEDIA;19;MANDIOCA;0,5;SEPT
GENERAL VEDIA;19;ZAPALLO;0,5;SEP- OCT
GENERAL VEDIA;19;MANDIOCA;0,25;
GENERAL VEDIA;19;ZAPALLO;0,25;
GENERAL VEDIA;19;MANDIOCA;1;
GENERAL VEDIA;19;ZAPALLO;1;
GENERAL VEDIA;19;MANDIOCA;1;
GENERAL VEDIA;19;ZAPALLO;0,75;
GENERAL VEDIA;19;MANDIOCA;0,5;
GENERAL VEDIA;19;ZAPALLO;0,5;
LA LEONESA;19;MANDIOCA;0,5;
LA LEONESA;19;ZAPALLO;0,25;
GENERAL VEDIA;19;MANDIOCA;0,5;
GENERAL VEDIA;19;ZAPALLO;0,5;
GENERAL VEDIA;19;MANDIOCA;0,5;
GENERAL VEDIA;19;ZAPALLO;0,5;
GENERAL VEDIA;19;MANDIOCA;0,5;
GENERAL VEDIA;19;MANDIOCA;0,5;
GENERAL VEDIA;19;ZAPALLO;0,5;
GENERAL VEDIA;19;ZAPALLO;0,5;
GENERAL VEDIA;19;MANDIOCA;0,5;
GENERAL VEDIA;19;ZAPALLO;2;
GENERAL VEDIA;19;MANDIOCA;0,25;
GENERAL VEDIA;19;ZAPALLO;0,25;
GENERAL VEDIA;19;MANDIOCA;0,25;
GENERAL VEDIA;19;ZAPALLO;0,25;
GENERAL VEDIA;19;MANDIOCA;0,5;
GENERAL VEDIA;19;MANDIOCA;1;
GENERAL VEDIA;19;ZAPALLO;0,5;
GENERAL VEDIA;19;MANDIOCA;0,25;
GENERAL VEDIA;19;ZAPALLO;0,25;
GENERAL VEDIA;19;MANDIOCA;0,5;
GENERAL VEDIA;19;ZAPALLO;1,5;
GENERAL VEDIA;19;MANDIOCA;0,25;
GENERAL VEDIA;19;ZAPALLO;0,25;
PUERTO EVA PERON;20;MANDIOCA;2;AGO/SEP
PUERTO EVA PERON;20;ZAPALLO;1;
PUERTO EVA PERON;20;MANDIOCA;0,5;AGO/SEP
PUERTO EVA PERON;20;ZAPALLO;0,5;AGO/SEP
PUERTO EVA PERON;20;MANDIOCA;20;AGO/SEP
PUERTO EVA PERON;20;ZAPALLO;5;AGO/SEP
PUERTO BERMEJO;20;MANDIOCA;0,25;
PUERTO BERMEJO;20;ZAPALLO;0,25;AGO/SEP
PUERTO BERMEJO;20;MANDIOCA;0,25;AGO/SEP
PUERTO BERMEJO;20;ZAPALLO;0,25;AGO/SEP
PUERTO BERMEJO;20;MANDIOCA;0,25;AGO/SEP
PUERTO BERMEJO;20;ZAPALLO;0,25;AGO/SEP
PUERTO BERMEJO;20;MANDIOCA;1;
PUERTO EVA PERON;20;MANDIOCA;1;AGO/SEP
PUERTO EVA PERON;20;ZAPALLO;0,5;AGO/SEP
PUERTO BERMEJO;20;MANDIOCA;0,5;AGO/SEP
PUERTO BERMEJO;20;ZAPALLO;0,5;AGO/SEP
PUERTO EVA PERON;20;MANDIOCA;0;
PUERTO EVA PERON;20;ZAPALLO;0;
PUERTO EVA PERON;20;MANDIOCA;2;AGO/SEP
PUERTO EVA PERON;20;ZAPALLO;1,5;AGO/SEP
PUERTO EVA PERON;20;MANDIOCA;0,25;AGO/SEP
PUERTO EVA PERON;20;ZAPALLO;0,25;AGO/SEP
PUERTO BERMEJO;20;MANDIOCA;0,25;Ago-Sep
PUERTO BERMEJO;20;MANDIOCA;2;AGO/SEP
PUERTO BERMEJO;20;ZAPALLO;2;AGO/SEP
PUERTO BERMEJO;20;MANDIOCA;0,5;AGO/SEP
PUERTO BERMEJO;20;ZAPALLO;0,5;AGO/SEP
PUERTO EVA PERON;20;MANDIOCA;1;AGO/SEP
PUERTO EVA PERON;20;ZAPALLO;1;AGO/SEP
PUERTO BERMEJO;20;MANDIOCA;0,25;AGO/SEP
PUERTO BERMEJO;20;ZAPALLO;0,25;AGO/SEP
GENERAL J. DE SAN MARTIN;21;ZAPALLO;8;Febrero
GENERAL J. DE SAN MARTIN;21;ZAPALLO;0;ENE-FEB
GENERAL J. DE SAN MARTIN;21;MANDIOCA;0;Abril a Diciembre
GENERAL J. DE SAN MARTIN;21;ZAPALLO;0,5;
GENERAL J. DE SAN MARTIN;21;MANDIOCA;0,5;
GENERAL J. DE SAN MARTIN;21;MANDIOCA;1,5;AGOSTO
GENERAL J. DE SAN MARTIN;21;ZAPALLO;1,5;AGOSTO
GENERAL J. DE SAN MARTIN;21;MANDIOCA;4;OCTUBRE
GENERAL J. DE SAN MARTIN;21;ZAPALLO;1;OCTUBRE-FEBRERO
GENERAL J. DE SAN MARTIN;21;MANDIOCA;0;
GENERAL J. DE SAN MARTIN;21;ZAPALLO;0,5;Marzo
GENERAL J. DE SAN MARTIN;22;MANDIOCA;0,25;sep
GENERAL J. DE SAN MARTIN;22;ZAPALLO;1,5;Ago/Sep
GENERAL J. DE SAN MARTIN;22;ZAPALLO;0,25;Ago/Sep
GENERAL J. DE SAN MARTIN;22;MANDIOCA;0,25;Agosto
GENERAL J. DE SAN MARTIN;22;ZAPALLO;0,5;Enero
GENERAL J. DE SAN MARTIN;22;ZAPALLO;1;
GENERAL J. DE SAN MARTIN;22;MANDIOCA;1;Septiembre
GENERAL J. DE SAN MARTIN;22;ZAPALLO;0,25;Julio
GENERAL J. DE SAN MARTIN;22;MANDIOCA;2;Anual
GENERAL J. DE SAN MARTIN;22;ZAPALLO;0;
GENERAL J. DE SAN MARTIN;22;ZAPALLO;0,5;Sep/Oct
GENERAL J. DE SAN MARTIN;22;MANDIOCA;0,5;OCTUBRE
GENERAL J. DE SAN MARTIN;22;ZAPALLO;2;OCTUBRE
GENERAL J. DE SAN MARTIN;22;ZAPALLO;5;
GENERAL J. DE SAN MARTIN;22;MANDIOCA;0,5;Febrero
GENERAL J. DE SAN MARTIN;22;ZAPALLO;0,5;Febrero
GENERAL J. DE SAN MARTIN;22;MANDIOCA;1;
GENERAL J. DE SAN MARTIN;22;ZAPALLO;1;
GENERAL J. DE SAN MARTIN;22;MANDIOCA;0,5;Septiembre
GENERAL J. DE SAN MARTIN;22;ZAPALLO;0,5;Agosto
GENERAL J. DE SAN MARTIN;22;MANDIOCA;0,25;
GENERAL J. DE SAN MARTIN;22;ZAPALLO;0,5;
GENERAL J. DE SAN MARTIN;22;MANDIOCA;1;Sept
GENERAL J. DE SAN MARTIN;22;ZAPALLO;1;Sept
GENERAL J. DE SAN MARTIN;22;MANDIOCA;0,25;Ago
GENERAL J. DE SAN MARTIN;22;ZAPALLO;0,25;Feb
GENERAL J. DE SAN MARTIN;23;ZAPALLO;1;AGOSTO 
GENERAL J. DE SAN MARTIN;23;ZAPALLO;2;ENERO
GENERAL J. DE SAN MARTIN;23;MANDIOCA;1;
GENERAL J. DE SAN MARTIN;23;ZAPALLO;1;
GENERAL J. DE SAN MARTIN;23;BATATA;0;
GENERAL J. DE SAN MARTIN;23;MANDIOCA;0;
GENERAL J. DE SAN MARTIN;23;ZAPALLO;0;
GENERAL J. DE SAN MARTIN;23;MANDIOCA;1;
GENERAL J. DE SAN MARTIN;23;ZAPALLO;0,5;
GENERAL J. DE SAN MARTIN;23;MANDIOCA;0,5;SEPT 
GENERAL J. DE SAN MARTIN;23;ZAPALLO;2;SEPT
GENERAL J. DE SAN MARTIN;23;ZAPALLO;5;AGOSTO 
GENERAL J. DE SAN MARTIN;23;MANDIOCA;4;
GENERAL J. DE SAN MARTIN;23;ZAPALLO;4;
GENERAL J. DE SAN MARTIN;23;MANDIOCA;1;
GENERAL J. DE SAN MARTIN;23;ZAPALLO;1;ENERO-FEBRERO
GENERAL J. DE SAN MARTIN;23;MANDIOCA;1;AGOSTO 
GENERAL J. DE SAN MARTIN;23;MANDIOCA;0,5;AGOSTO 
GENERAL J. DE SAN MARTIN;23;ZAPALLO;1;AGOSTO 
;24;MANDIOCA;0,5;anual
;24;ZAPALLO;2;anual
SANTA SYLVINA;25;ZAPALLO;1;SEPTIEMBRE
TACO POZO;27;ZAPALLO;3;
CORONEL DU GRATY;28;MANDIOCA;0,1;SEP
CORONEL DU GRATY;28;ZAPALLO;0,1;SEP
VILLA ANGELA;28;ZAPALLO;2;
MIRAFLORES;89;ZAPALLO;10;
MIRAFLORES;89;ZAPALLO;4;
MIRAFLORES;89;ZAPALLO;2;
MIRAFLORES;29;ZAPALLO;1;ago-sep
MIRAFLORES;89;ZAPALLO;1;
MIRAFLORES;89;ZAPALLO;1;
MIRAFLORES;61;ZAPALLO;1;DIC.
MIRAFLORES;89;ZAPALLO;1;
MIRAFLORES;61;ZAPALLO;3;
MIRAFLORES;29;ZAPALLO;2;ago-sep
MIRAFLORES;89;ZAPALLO;2;
MIRAFLORES;90;ZAPALLO;5;
MIRAFLORES;61;ZAPALLO;1,5;AGOSTO
MIRAFLORES;61;ZAPALLO;3;AGOST. ENERO
MIRAFLORES;90;ZAPALLO;3;
MIRAFLORES;89;ZAPALLO;0,5;
JUAN JOSE CASTELLI;29;MANDIOCA;0,2;feb
JUAN JOSE CASTELLI;29;ZAPALLO;1;feb
MIRAFLORES;89;ZAPALLO;2;
MIRAFLORES;29;ZAPALLO;1;jul
MIRAFLORES;89;ZAPALLO;0,5;
MIRAFLORES;89;ZAPALLO;5;
GENERAL PINEDO;30;ZAPALLO;4;NOVIEMBRE
GENERAL PINEDO;30;ZAPALLO;1;
GENERAL PINEDO;30;ZAPALLO;0,5;septiembre
GENERAL PINEDO;30;ZAPALLO;1;AGOSTO
GANCEDO;30;ZAPALLO;1;Diciembre
GENERAL PINEDO;30;ZAPALLO;1,5;NOVIEMBRE
GENERAL PINEDO;30;ZAPALLO;3;OCTUBRE
GENERAL PINEDO;30;ZAPALLO;1;NOVIEMBRE
GENERAL PINEDO;30;ZAPALLO;2;AGOSTO
GENERAL PINEDO;31;ZAPALLO;0;Febrero
GENERAL PINEDO;31;ZAPALLO;114;
GENERAL PINEDO;31;ZAPALLO;1;Enero- Marzo
GENERAL PINEDO;31;ZAPALLO;1,4;Agosto
GENERAL PINEDO;31;ZAPALLO;0;Febrero
GENERAL PINEDO;31;ZAPALLO;1;Febrero
GENERAL PINEDO;31;ZAPALLO;0;
GENERAL PINEDO;31;ZAPALLO;1,4;Agosto
GENERAL PINEDO;31;ZAPALLO;1,4;Agosto
GENERAL PINEDO;31;ZAPALLO;1,4;Diciembre
VILLA ANGELA;33;ZAPALLO;0;
VILLA ANGELA;33;ZAPALLO;1;JUL/AGO
GENERAL PINEDO;62;ZAPALLO;0;
LOS FRENTONES;34;ZAPALLO;1;
LOS FRENTONES;34;ZAPALLO;0;MEDIA HECTAREA
LOS FRENTONES;34;MANDIOCA;0;MEDIA HECTAREA
LOS FRENTONES;34;ZAPALLO;2;
PRESIDENCIA ROQUE SAENZ PEÑA;35;ZAPALLO;1;
PRESIDENCIA ROQUE SAENZ PEÑA;35;ZAPALLO;0,5;1
PRESIDENCIA ROQUE SAENZ PEÑA;35;BATATA;0;
PRESIDENCIA ROQUE SAENZ PEÑA;35;MANDIOCA;0;
PRESIDENCIA ROQUE SAENZ PEÑA;35;ZAPALLO;0;
PRESIDENCIA ROQUE SAENZ PEÑA;35;ZAPALLO;0,25;AGOS/SEP- ENE/FEB
PRESIDENCIA ROQUE SAENZ PEÑA;35;ZAPALLO;1;
FUERTE ESPERANZA;36;MANDIOCA;1;SEPTIEMBRE/ENERO
FUERTE ESPERANZA;36;ZAPALLO;1;SEPTIEMBRE/ENERO
FUERTE ESPERANZA;36;ZAPALLO;4;
FUERTE ESPERANZA;36;ZAPALLO;9;
FUERTE ESPERANZA;36;ZAPALLO;2;FEBRERO
FUERTE ESPERANZA;36;ZAPALLO;1;AGOSTO/ENERO
FUERTE ESPERANZA;36;ZAPALLO;5,5;FEBRERO
FUERTE ESPERANZA;36;ZAPALLO;2;ENERO
FUERTE ESPERANZA;36;ZAPALLO;0,5;ENERO
FUERTE ESPERANZA;36;ZAPALLO;0,25;DICIEMBRE
FUERTE ESPERANZA;36;ZAPALLO;1,5;FEBRERO
FUERTE ESPERANZA;36;ZAPALLO;1,5;agosto
FUERTE ESPERANZA;36;ZAPALLO;2;FEBRERO
QUITILIPI;37;MANDIOCA;0,25;
QUITILIPI;37;ZAPALLO;0,5;
QUITILIPI;37;MANDIOCA;0,5;
QUITILIPI;37;ZAPALLO;0,5;
TRES ISLETAS;37;MANDIOCA;0,25;
TRES ISLETAS;37;ZAPALLO;0,25;
QUITILIPI;37;MANDIOCA;0,25;
QUITILIPI;37;ZAPALLO;0,25;
CORZUELA;38;MANDIOCA;0;
CORZUELA;38;ZAPALLO;0;
LAS BRENAS;39;MANDIOCA;2;
LAS BRENAS;39;ZAPALLO;1;Noviembre
LAS BRENAS;38;ZAPALLO;1;Octubre
LAS BRENAS;38;ZAPALLO;0,5;
LAS BRENAS;38;ZAPALLO;1,5;Enero
LAS BRENAS;38;MANDIOCA;0;
LAS BRENAS;38;ZAPALLO;0;
LAS BRENAS;38;ZAPALLO;0;Febrero
LAS BRENAS;39;ZAPALLO;0;
CORZUELA;39;ZAPALLO;1;Ago-Sep
CORZUELA;39;ZAPALLO;2;
LAS BRENAS;39;ZAPALLO;0;
LAS BRENAS;39;ZAPALLO;0,5;
COLONIA ELISA;40;MANDIOCA;0,25;OCT
COLONIA ELISA;40;ZAPALLO;0,25;JULIO
LA ESCONDIDA;40;MANDIOCA;0;OCTUBRE 
LA ESCONDIDA;40;MANDIOCA;3;octubre
LA ESCONDIDA;40;ZAPALLO;3;septiembre
LA ESCONDIDA;40;MANDIOCA;0,5;octubre
COLONIA ELISA;86;MANDIOCA;1;
COLONIA ELISA;86;ZAPALLO;1;
LA ESCONDIDA;40;MANDIOCA;0;
LA ESCONDIDA;40;ZAPALLO;1;JULIO
LA ESCONDIDA;40;MANDIOCA;1;OCTUBRE
LA ESCONDIDA;40;ZAPALLO;2;julio
LA ESCONDIDA;40;MANDIOCA;0,25;anual
LA ESCONDIDA;40;ZAPALLO;0,25;sept
LA ESCONDIDA;40;MANDIOCA;2;septiembre
LA ESCONDIDA;40;ZAPALLO;2;septiembre
LA ESCONDIDA;40;MANDIOCA;0,25;OCTUBRE
CORZUELA;43;ZAPALLO;0,5;
CORZUELA;43;ZAPALLO;0,5;CAMPAÑA SIGUIENTE
CORZUELA;43;ZAPALLO;2;
CORZUELA;43;ZAPALLO;2;
CORZUELA;43;ZAPALLO;0,5;
CORZUELA;43;ZAPALLO;0,5;
CHARATA;44;ZAPALLO;0,5;Y SANDIA
CHARATA;44;ZAPALLO;1;
CHARATA;44;ZAPALLO;1;
LAPACHITO;46;BATATA;0,75;SEPTIEMBRE
LAPACHITO;46;MANDIOCA;0,75;MAYO
LAPACHITO;46;ZAPALLO;4;AGOSTO
BASAIL;47;BATATA;0;
BASAIL;47;BATATA;2;
BASAIL;47;ZAPALLO;3;
MIRAFLORES;48;ZAPALLO;5;JUL
JUAN JOSE CASTELLI;48;ZAPALLO;1,5;
JUAN JOSE CASTELLI;48;ZAPALLO;1,5;
JUAN JOSE CASTELLI;48;ZAPALLO;1,5;
JUAN JOSE CASTELLI;48;ZAPALLO;1,5;
MIRAFLORES;48;ZAPALLO;3;
MIRAFLORES;48;ZAPALLO;3;
MIRAFLORES;48;ZAPALLO;1;
MIRAFLORES;48;ZAPALLO;1;
MIRAFLORES;48;MANDIOCA;1;
MIRAFLORES;48;ZAPALLO;5;JUL
MIRAFLORES;48;ZAPALLO;2;Julio
MIRAFLORES;48;ZAPALLO;2;Julio
JUAN JOSE CASTELLI;48;ZAPALLO;2;JUL
JUAN JOSE CASTELLI;48;ZAPALLO;15;
JUAN JOSE CASTELLI;48;ZAPALLO;6;JUL
JUAN JOSE CASTELLI;48;ZAPALLO;6;JUL
JUAN JOSE CASTELLI;48;ZAPALLO;6;Julio
JUAN JOSE CASTELLI;48;ZAPALLO;6;Julio
JUAN JOSE CASTELLI;48;ZAPALLO;0;
MIRAFLORES;48;ZAPALLO;5;JUL
JUAN JOSE CASTELLI;49;MANDIOCA;0;
JUAN JOSE CASTELLI;49;ZAPALLO;0;J-A
JUAN JOSE CASTELLI;49;MANDIOCA;0;
JUAN JOSE CASTELLI;49;ZAPALLO;0;
JUAN JOSE CASTELLI;49;ZAPALLO;1,4;O-N
JUAN JOSE CASTELLI;49;ZAPALLO;2;JUL
JUAN JOSE CASTELLI;49;ZAPALLO;2;ENE
JUAN JOSE CASTELLI;49;ZAPALLO;2;
JUAN JOSE CASTELLI;49;ZAPALLO;2;JUL
JUAN JOSE CASTELLI;49;MANDIOCA;2;JUL
JUAN JOSE CASTELLI;49;ZAPALLO;0;JUL
JUAN JOSE CASTELLI;49;ZAPALLO;2;J-A
JUAN JOSE CASTELLI;49;MANDIOCA;0;
JUAN JOSE CASTELLI;49;ZAPALLO;0;
JUAN JOSE CASTELLI;49;MANDIOCA;0;
JUAN JOSE CASTELLI;49;ZAPALLO;0;
JUAN JOSE CASTELLI;49;ZAPALLO;3;
JUAN JOSE CASTELLI;49;ZAPALLO;3;
JUAN JOSE CASTELLI;49;MANDIOCA;1;JUL
JUAN JOSE CASTELLI;49;ZAPALLO;5;JUL
JUAN JOSE CASTELLI;49;MANDIOCA;0;
JUAN JOSE CASTELLI;49;ZAPALLO;0;
JUAN JOSE CASTELLI;87;ZAPALLO;2;J/A
JUAN JOSE CASTELLI;49;ZAPALLO;5;JULIO
JUAN JOSE CASTELLI;49;MANDIOCA;0;
JUAN JOSE CASTELLI;49;ZAPALLO;4;E-F
JUAN JOSE CASTELLI;49;ZAPALLO;2;ENE
JUAN JOSE CASTELLI;49;ZAPALLO;1;
JUAN JOSE CASTELLI;49;ZAPALLO;5;JUL
JUAN JOSE CASTELLI;49;MANDIOCA;1;JUL
JUAN JOSE CASTELLI;49;ZAPALLO;2;JUL
JUAN JOSE CASTELLI;87;ZAPALLO;10;J/A
JUAN JOSE CASTELLI;49;MANDIOCA;0;JUL
JUAN JOSE CASTELLI;49;ZAPALLO;0;AGO
VILLA RIO BERMEJITO;49;ZAPALLO;2;JUL
JUAN JOSE CASTELLI;49;MANDIOCA;2;ENE
JUAN JOSE CASTELLI;49;ZAPALLO;0;
JUAN JOSE CASTELLI;49;ZAPALLO;3;JULIO
JUAN JOSE CASTELLI;49;ZAPALLO;1;J-A
PRESIDENCIA ROQUE SAENZ PEÑA;51;ZAPALLO;0,5;
PRESIDENCIA ROQUE SAENZ PEÑA;51;ZAPALLO;0,5;
PRESIDENCIA ROQUE SAENZ PEÑA;51;ZAPALLO;1;
PRESIDENCIA ROQUE SAENZ PEÑA;51;ZAPALLO;1;
PRESIDENCIA ROQUE SAENZ PEÑA;51;MANDIOCA;0,5;ADEMÁS DE MAIZ Y ZAPALLO
PRESIDENCIA ROQUE SAENZ PEÑA;51;MANDIOCA;0,5;
PRESIDENCIA ROQUE SAENZ PEÑA;51;ZAPALLO;1;
PRESIDENCIA ROQUE SAENZ PEÑA;51;BATATA;0,5;ENE- DIC
PRESIDENCIA ROQUE SAENZ PEÑA;51;MANDIOCA;0,5;ENE- DIC
PRESIDENCIA ROQUE SAENZ PEÑA;51;ZAPALLO;4;
PRESIDENCIA ROQUE SAENZ PEÑA;51;BATATA;0,25;
PRESIDENCIA ROQUE SAENZ PEÑA;51;MANDIOCA;0,5;
PRESIDENCIA ROQUE SAENZ PEÑA;51;ZAPALLO;0,25;
PRESIDENCIA ROQUE SAENZ PEÑA;51;BATATA;0,5;
PRESIDENCIA ROQUE SAENZ PEÑA;51;MANDIOCA;0,5;
PRESIDENCIA ROQUE SAENZ PEÑA;51;ZAPALLO;0,1;
PRESIDENCIA ROQUE SAENZ PEÑA;51;BATATA;1;
PRESIDENCIA ROQUE SAENZ PEÑA;51;MANDIOCA;1;
PRESIDENCIA ROQUE SAENZ PEÑA;51;ZAPALLO;1;
PRESIDENCIA ROQUE SAENZ PEÑA;51;BATATA;0,1;
PRESIDENCIA ROQUE SAENZ PEÑA;51;MANDIOCA;0,25;
PRESIDENCIA ROQUE SAENZ PEÑA;51;ZAPALLO;0,25;
PRESIDENCIA ROQUE SAENZ PEÑA;51;ZAPALLO;1,5;
PRESIDENCIA ROQUE SAENZ PEÑA;51;ZAPALLO;1;
PRESIDENCIA ROQUE SAENZ PEÑA;51;MANDIOCA;0,5;
PRESIDENCIA ROQUE SAENZ PEÑA;51;ZAPALLO;0,5;
PRESIDENCIA ROQUE SAENZ PEÑA;51;MANDIOCA;0,5;
PRESIDENCIA ROQUE SAENZ PEÑA;51;MANDIOCA;0,5;
PRESIDENCIA ROQUE SAENZ PEÑA;51;BATATA;0,25;
PRESIDENCIA ROQUE SAENZ PEÑA;51;MANDIOCA;0,25;
PRESIDENCIA ROQUE SAENZ PEÑA;51;MANDIOCA;0,25;
PRESIDENCIA ROQUE SAENZ PEÑA;51;ZAPALLO;0,25;
ISLA DEL CERRITO;52;MANDIOCA;5;
ISLA DEL CERRITO;52;MANDIOCA;0,5;
ISLA DEL CERRITO;52;ZAPALLO;0,5;
ISLA DEL CERRITO;52;MANDIOCA;0;
ISLA DEL CERRITO;52;ZAPALLO;0;Ago-Sep
ISLA DEL CERRITO;52;MANDIOCA;0;Ago-Sep
ISLA DEL CERRITO;52;ZAPALLO;0;Ago-Sep
ISLA DEL CERRITO;52;ZAPALLO;0;Ago-Sep (Calabaza)
ISLA DEL CERRITO;52;MANDIOCA;5;
ISLA DEL CERRITO;52;ZAPALLO;5;
ISLA DEL CERRITO;52;MANDIOCA;0,75;Ago-Sep
ISLA DEL CERRITO;52;ZAPALLO;0,5;Ago-Sep
ISLA DEL CERRITO;52;MANDIOCA;0,25;Ago-Sep
ISLA DEL CERRITO;52;ZAPALLO;0,25;Ago-Sep (calabaza)
ISLA DEL CERRITO;52;ZAPALLO;0,5;Ago-Sep
ISLA DEL CERRITO;52;MANDIOCA;0,5;
FONTANA;53;MANDIOCA;0;fines de agosto
FONTANA;53;ZAPALLO;0;fines de agosto
FONTANA;53;ZAPALLO;0,7;fines de agosto
FONTANA;53;MANDIOCA;0,3;
FONTANA;53;ZAPALLO;0,3;
FONTANA;53;MANDIOCA;0,2;
FONTANA;53;ZAPALLO;0,2;
FONTANA;53;ZAPALLO;0;Mayo
FONTANA;53;ZAPALLO;0;
FONTANA;53;ZAPALLO;0;
FONTANA;53;ZAPALLO;1;Primavera
FONTANA;53;MANDIOCA;0,25;
FONTANA;53;ZAPALLO;0,2;
PUERTO VILELAS;54;MANDIOCA;1;
PUERTO VILELAS;54;ZAPALLO;1;
PUERTO VILELAS;54;ZAPALLO;1;
PUERTO VILELAS;54;MANDIOCA;1;
PUERTO VILELAS;54;BATATA;1;
PUERTO VILELAS;54;MANDIOCA;1;
PAMPA ALMIRON;55;BATATA;2;
PAMPA ALMIRON;55;ZAPALLO;2;
PAMPA ALMIRON;55;BATATA;0;
PAMPA ALMIRON;55;MANDIOCA;0;
PAMPA ALMIRON;55;ZAPALLO;0;
PAMPA ALMIRON;55;BATATA;1;
PAMPA ALMIRON;55;MANDIOCA;1;
PAMPA ALMIRON;55;ZAPALLO;1;
PAMPA ALMIRON;55;BATATA;1;
PAMPA ALMIRON;55;MANDIOCA;1;
PAMPA ALMIRON;55;ZAPALLO;0,5;
PAMPA ALMIRON;55;BATATA;1;
PAMPA ALMIRON;55;MANDIOCA;1;
PAMPA ALMIRON;55;BATATA;0;
PAMPA ALMIRON;55;MANDIOCA;0;
PAMPA ALMIRON;55;ZAPALLO;0;
PAMPA ALMIRON;55;ZAPALLO;15;
;57;MANDIOCA;1;Agosto
SAN BERNARDO;59;ZAPALLO;2;
SAN BERNARDO;59;ZAPALLO;1;DIC
SAN BERNARDO;59;ZAPALLO;3;
SAN BERNARDO;59;ZAPALLO;0,25;ENE
SAN BERNARDO;59;ZAPALLO;1;FEB 
SAN BERNARDO;59;ZAPALLO;1;
SAN BERNARDO;59;ZAPALLO;2;
SAN BERNARDO;59;ZAPALLO;2;
SAN BERNARDO;59;ZAPALLO;2;DIC
SAN BERNARDO;59;ZAPALLO;3;DICIEMBRE-FEBRERO
VILLA ANGELA;62;ZAPALLO;1;NOVIEMBRE
MIRAFLORES;89;ZAPALLO;1;
MIRAFLORES;89;ZAPALLO;1;
MIRAFLORES;89;ZAPALLO;1;
MIRAFLORES;89;ZAPALLO;2;
MIRAFLORES;61;MANDIOCA;1;
MIRAFLORES;61;ZAPALLO;3;
MIRAFLORES;61;ZAPALLO;1;AGOSTO
MIRAFLORES;61;ZAPALLO;0;JULIO
MIRAFLORES;61;ZAPALLO;5;JUL.AGOS.
MIRAFLORES;89;ZAPALLO;3;
MIRAFLORES;89;ZAPALLO;1;
MIRAFLORES;61;ZAPALLO;3;AGOST.
MIRAFLORES;89;ZAPALLO;3;
MIRAFLORES;61;ZAPALLO;2;JULIO
MIRAFLORES;61;ZAPALLO;3;AGOS.
JUAN JOSE CASTELLI;61;ZAPALLO;3;JULIO
JUAN JOSE CASTELLI;61;ZAPALLO;3;JULIO
JUAN JOSE CASTELLI;61;ZAPALLO;3;JULIO
JUAN JOSE CASTELLI;61;ZAPALLO;3;JULIO
MIRAFLORES;61;ZAPALLO;2;
MIRAFLORES;61;ZAPALLO;0,5;
MIRAFLORES;89;ZAPALLO;1;
MIRAFLORES;89;ZAPALLO;1;
MIRAFLORES;89;ZAPALLO;2;
MIRAFLORES;89;ZAPALLO;1;
MIRAFLORES;89;ZAPALLO;0,5;
MIRAFLORES;89;ZAPALLO;1;
MIRAFLORES;89;ZAPALLO;2;
MIRAFLORES;89;ZAPALLO;2;
MIRAFLORES;61;ZAPALLO;1;
MIRAFLORES;61;MANDIOCA;1;
MIRAFLORES;61;ZAPALLO;0;
MIRAFLORES;61;ZAPALLO;3;
MIRAFLORES;61;ZAPALLO;5;
MIRAFLORES;89;ZAPALLO;1;
MIRAFLORES;66;ZAPALLO;3;JUNIO
MIRAFLORES;61;ZAPALLO;1;JUL.
MIRAFLORES;89;ZAPALLO;2;
MIRAFLORES;61;ZAPALLO;6;
MIRAFLORES;61;ZAPALLO;0;
MIRAFLORES;61;ZAPALLO;1;
CHARATA;62;ZAPALLO;0,5;SEPTIEMBRE
GENERAL PINEDO;30;ZAPALLO;0,5;
GENERAL PINEDO;30;ZAPALLO;0,5;NOVIEMBRE
SAMUHU;63;ZAPALLO;0;
SAMUHU;63;ZAPALLO;0;
SAMUHU;63;ZAPALLO;0,5;
SAMUHU;63;ZAPALLO;0,5;
SAMUHU;63;ZAPALLO;0,5;
SAMUHU;63;ZAPALLO;0;
SAMUHU;63;ZAPALLO;0,5;
ENRIQUE URIEN;63;ZAPALLO;14;AGO
CHOROTIS;64;ZAPALLO;0,5;SEPTIEMBRE
CHOROTIS;64;ZAPALLO;0,5;SEPTIEMBRE
CHOROTIS;64;ZAPALLO;1;SEPTIEMBRE
COLONIAS UNIDAS;65;ZAPALLO;0,25;Juli-Sep
COLONIAS UNIDAS;65;MANDIOCA;0,25;Octubre
COLONIAS UNIDAS;65;ZAPALLO;0,25;Jul/Ene
COLONIAS UNIDAS;65;MANDIOCA;1;Agosto
COLONIAS UNIDAS;65;ZAPALLO;5;Jul-Sep
COLONIAS UNIDAS;65;MANDIOCA;0,25;Julio
COLONIAS UNIDAS;65;ZAPALLO;0,5;Julio
COLONIAS UNIDAS;65;MANDIOCA;0,25;Agosto
COLONIAS UNIDAS;65;ZAPALLO;0,5;Sept
COLONIAS UNIDAS;65;ZAPALLO;0,25;Ene-Jul
COLONIAS UNIDAS;65;MANDIOCA;0,25;Septiembre
COLONIAS UNIDAS;65;ZAPALLO;0,25;Septiembre
COLONIAS UNIDAS;65;MANDIOCA;0;Agosto
COLONIAS UNIDAS;65;ZAPALLO;0;Ago-Sep
COLONIAS UNIDAS;65;MANDIOCA;0,5;Septiembre
COLONIAS UNIDAS;65;ZAPALLO;0,5;Jul-Sep
COLONIAS UNIDAS;65;MANDIOCA;0,5;Ago-Sep
COLONIAS UNIDAS;65;ZAPALLO;0,5;Ago-Sep
COLONIAS UNIDAS;65;MANDIOCA;0;Agosta
COLONIAS UNIDAS;65;ZAPALLO;0;Jul/Ene
COLONIAS UNIDAS;65;MANDIOCA;0,25;Agosto
COLONIAS UNIDAS;65;ZAPALLO;0,25;Septiembre
COLONIAS UNIDAS;65;MANDIOCA;0,25;Agosto
COLONIAS UNIDAS;65;ZAPALLO;0,25;Septiembre
COLONIAS UNIDAS;65;MANDIOCA;0,25;Agosto
COLONIAS UNIDAS;65;ZAPALLO;0,25;Septiembre
COLONIAS UNIDAS;65;ZAPALLO;0,25;Enero
COLONIAS UNIDAS;65;MANDIOCA;0,25;Agosto
COLONIAS UNIDAS;65;ZAPALLO;0,25;Septiembre
MIRAFLORES;66;ZAPALLO;1;JUL/ENE
MIRAFLORES;66;ZAPALLO;1;FEB/JUL
;67;ZAPALLO;3;Agosto
;67;MANDIOCA;0,5;Septiembre
;67;ZAPALLO;1,4;Septiembre
;67;ZAPALLO;1;Agosto
;67;MANDIOCA;1;Agosto
;67;ZAPALLO;1,5;Febrero
;67;ZAPALLO;2;Agosto
;68;ZAPALLO;1;
;68;ZAPALLO;2;
PRESIDENCIA ROCA;70;ZAPALLO;0,5;FEBRERO
PRESIDENCIA ROCA;70;BATATA;0,5;AGOSTO
PRESIDENCIA ROCA;70;MANDIOCA;3;AGOSTO
PRESIDENCIA ROCA;70;ZAPALLO;1;
PRESIDENCIA ROCA;70;ZAPALLO;2,5;NOVIEMBRE
PRESIDENCIA ROCA;70;BATATA;0;
PRESIDENCIA ROCA;70;ZAPALLO;2;OCTUBRE
PRESIDENCIA ROCA;70;ZAPALLO;2;DICIEMBRE
PRESIDENCIA ROCA;70;ZAPALLO;2;AGOSTO
PRESIDENCIA ROCA;70;ZAPALLO;4;JULIO
PRESIDENCIA ROCA;70;ZAPALLO;1;SEPTIEMBRE
CIERVO PETISO;71;MANDIOCA;0,25;AGOSTO
CIERVO PETISO;71;ZAPALLO;0,3;MARZO
CIERVO PETISO;71;MANDIOCA;0,5;AGOSTO/SEP.
CIERVO PETISO;71;ZAPALLO;1;ENERO/FEB.
CIERVO PETISO;71;MANDIOCA;0,25;AGOSTO/SEP
CIERVO PETISO;71;ZAPALLO;1;ENERO/ABRIL
CIERVO PETISO;71;ZAPALLO;1,5;JULIO
CIERVO PETISO;71;MANDIOCA;0,3;JULIO
CIERVO PETISO;71;ZAPALLO;0,4;AGOSTO
CIERVO PETISO;71;ZAPALLO;0,5;FEBRERO/MAYO
CIERVO PETISO;71;ZAPALLO;0,5;FEBRERO JULIO
QUITILIPI;72;ZAPALLO;1;septiembre/marzo
QUITILIPI;72;ZAPALLO;1;Agosto
QUITILIPI;72;ZAPALLO;1;febrero - octubre
QUITILIPI;72;MANDIOCA;0,25;septiembre
QUITILIPI;72;ZAPALLO;0,5;julio
QUITILIPI;72;MANDIOCA;0,5;agosto
QUITILIPI;72;ZAPALLO;0,5;agosto
QUITILIPI;72;MANDIOCA;1;septiembre/octubre
QUITILIPI;72;ZAPALLO;0,05;julio/agosto
QUITILIPI;72;MANDIOCA;1;
QUITILIPI;72;ZAPALLO;1;agosto/septiembre
QUITILIPI;72;MANDIOCA;1;Septiembre/Abril
QUITILIPI;72;ZAPALLO;2;Septiembre / Enero
QUITILIPI;72;ZAPALLO;1;julio
QUITILIPI;72;ZAPALLO;0,25;agosto
QUITILIPI;72;ZAPALLO;0,5;julio/agosto
QUITILIPI;72;ZAPALLO;10;julio
QUITILIPI;72;ZAPALLO;1;
QUITILIPI;72;MANDIOCA;1;agosto
QUITILIPI;72;MANDIOCA;1;
QUITILIPI;72;ZAPALLO;3;
QUITILIPI;72;MANDIOCA;1;agosto
QUITILIPI;72;ZAPALLO;1;septiembre
QUITILIPI;72;MANDIOCA;1,4;julio
QUITILIPI;72;ZAPALLO;1,4;septiembre 
QUITILIPI;72;MANDIOCA;1,4;
QUITILIPI;72;ZAPALLO;1,4;
QUITILIPI;72;MANDIOCA;1;
QUITILIPI;72;ZAPALLO;1;
QUITILIPI;72;ZAPALLO;0,5;julio
QUITILIPI;72;ZAPALLO;2;julio
QUITILIPI;72;MANDIOCA;1;Septiembre 
QUITILIPI;72;ZAPALLO;1;febrero
QUITILIPI;72;ZAPALLO;1;agosto/septiembre
QUITILIPI;72;ZAPALLO;1;agosto/septiembre
QUITILIPI;72;MANDIOCA;0,5;
QUITILIPI;72;ZAPALLO;1;
QUITILIPI;72;MANDIOCA;2;
QUITILIPI;72;ZAPALLO;2;
QUITILIPI;72;MANDIOCA;1,4;
QUITILIPI;72;ZAPALLO;1,4;
QUITILIPI;72;MANDIOCA;3;
QUITILIPI;72;ZAPALLO;5;febrero
QUITILIPI;72;ZAPALLO;1;febrero
QUITILIPI;72;MANDIOCA;6,05;agosto
QUITILIPI;72;ZAPALLO;6,05;septiembre
QUITILIPI;72;ZAPALLO;0;
QUITILIPI;72;MANDIOCA;0,5;Octubre/noviembre
QUITILIPI;72;ZAPALLO;0,5;octubre/noviembre
QUITILIPI;72;ZAPALLO;1,5;
QUITILIPI;72;MANDIOCA;1;
QUITILIPI;72;ZAPALLO;1;septiembre/enero
QUITILIPI;72;ZAPALLO;6;SEPT
QUITILIPI;72;ZAPALLO;2;agosto/septiembre
QUITILIPI;72;ZAPALLO;1;febrero
QUITILIPI;72;MANDIOCA;1;AGOSTO
QUITILIPI;72;ZAPALLO;4;AGOSTO- ENERO
QUITILIPI;72;MANDIOCA;0,5;SEPT
QUITILIPI;72;ZAPALLO;0,5;SEPT
MACHAGAI;72;ZAPALLO;1;julio
QUITILIPI;72;MANDIOCA;0,5;octubre/noviembre
QUITILIPI;72;ZAPALLO;0,5;septiembre/noviembre
MISION NUEVA POMPEYA;74;ZAPALLO;2;
MISION NUEVA POMPEYA;74;ZAPALLO;1;
MISION NUEVA POMPEYA;74;ZAPALLO;1;
EL SAUZALITO;75;ZAPALLO;0,5;septiembre
EL SAUZALITO;75;ZAPALLO;0,5;julio/agosto
GANCEDO;76;ZAPALLO;0,25;
GENERAL CAPDEVILA;76;ZAPALLO;1;
GANCEDO;76;ZAPALLO;1;Diciembre
GANCEDO;76;ZAPALLO;0,25;
GANCEDO;76;ZAPALLO;0,5;Diciembre
GANCEDO;76;ZAPALLO;0,25;tardia
EL ESPINILLO;79;ZAPALLO;2;
EL ESPINILLO;79;ZAPALLO;1;
EL ESPINILLO;79;ZAPALLO;0,5;
EL ESPINILLO;82;ZAPALLO;2,5;AGOSTO
VILLA RIO BERMEJITO;79;ZAPALLO;1;
LAGUNA LIMPIA;84;ZAPALLO;0,5;AGOSTO 
LAGUNA LIMPIA;84;ZAPALLO;1;AGOS
LAGUNA LIMPIA;84;ZAPALLO;1;agosto
LAGUNA LIMPIA;84;MANDIOCA;0,5;AGOSTO
LAGUNA LIMPIA;84;ZAPALLO;1;AGOSTO - NOVIEMBRE
LAGUNA LIMPIA;84;MANDIOCA;1;AGOSTO
LAGUNA LIMPIA;84;ZAPALLO;1;AGOSTO
LAGUNA LIMPIA;84;MANDIOCA;1;AGOS
LAGUNA LIMPIA;84;ZAPALLO;1;AGOS
LAGUNA LIMPIA;84;MANDIOCA;0,5;AGOSTO
LAGUNA LIMPIA;84;ZAPALLO;1;AGOSTO
LAGUNA LIMPIA;84;ZAPALLO;0,5;
LAGUNA LIMPIA;84;MANDIOCA;0,2;
LAGUNA LIMPIA;84;ZAPALLO;0,2;
LAGUNA LIMPIA;84;MANDIOCA;0,2;agosto
LAGUNA LIMPIA;84;ZAPALLO;0,2;agosto
LAGUNA LIMPIA;84;ZAPALLO;2;
COLONIA ELISA;86;MANDIOCA;1;JULIO
COLONIA ELISA;86;ZAPALLO;1;JULIO
COLONIA ELISA;86;BATATA;1;MARZO
COLONIA ELISA;86;MANDIOCA;1;MARZO
COLONIA ELISA;86;ZAPALLO;1;MARZO
COLONIA ELISA;86;BATATA;1;JULIO
COLONIA ELISA;86;MANDIOCA;1;JULIO
COLONIA ELISA;86;ZAPALLO;1;JULIO
COLONIA ELISA;86;MANDIOCA;0,5;SEPTIEMBRE
COLONIA ELISA;86;ZAPALLO;0,5;NOVIEMBRE
COLONIA ELISA;86;MANDIOCA;0,5;SEPTIEMBRE
COLONIA ELISA;86;ZAPALLO;0,25;SEPTIEMBRE
COLONIA ELISA;86;BATATA;0,5;OCTUBRE
COLONIA ELISA;86;MANDIOCA;0,5;OCTUBRE
COLONIA ELISA;86;ZAPALLO;0,5;OCTUBRE
NULL;NULL;MANDIOCA;1,2;
NULL;NULL;ZAPALLO;1;
NULL;NULL;ZAPALLO;0;MARZO
NULL;4;ZAPALLO;1;SEPT
NULL;95;ZAPALLO;2;JULIO 
NULL;10;ZAPALLO;0,5;FEB
PAMPA DEL INDIO;95;ZAPALLO;2;
PAMPA DEL INDIO;95;ZAPALLO;3;JULIO
PAMPA DEL INDIO;95;ZAPALLO;3;
NULL;NULL;ZAPALLO;1;
PAMPA DEL INDIO;95;ZAPALLO;1;
GENERAL J. DE SAN MARTIN;95;ZAPALLO;1;
PAMPA DEL INDIO;95;ZAPALLO;1;
PAMPA DEL INDIO;95;ZAPALLO;1;
NULL;96;ZAPALLO;1;AGOSTO
NULL;96;ZAPALLO;3;AGOSTO
NULL;96;ZAPALLO;10;
NULL;96;ZAPALLO;2;
NULL;96;ZAPALLO;3;
NULL;96;ZAPALLO;5;
NULL;96;ZAPALLO;2;
NULL;96;ZAPALLO;5;AGOSTO
NULL;34;ZAPALLO;0;
PRESIDENCIA ROQUE SAENZ PEÑA;35;ZAPALLO;1,5;
NULL;93;ZAPALLO;1;Enero
TRES ISLETAS;88;MANDIOCA;0,5;Octubre
TRES ISLETAS;88;ZAPALLO;1;Enero
TRES ISLETAS;88;MANDIOCA;0,15;
JUAN JOSE CASTELLI;87;ZAPALLO;2;J/A
MIRAFLORES;66;ZAPALLO;2;JUL
COLONIAS UNIDAS;65;MANDIOCA;0,5;Ago-Sep
COLONIAS UNIDAS;65;ZAPALLO;0,5;Ago-Sep
GENERAL PINEDO;62;ZAPALLO;5;DICIEMBRE
CAPITAN SOLARI;41;ZAPALLO;1;
LAS PALMAS;98;MANDIOCA;0;
LAS PALMAS;98;ZAPALLO;0;
LAS PALMAS;98;MANDIOCA;0,25;OCT/NOV
LAS PALMAS;98;ZAPALLO;0,25;OCT/NOV
LAS PALMAS;98;MANDIOCA;0,25;SEP
LAS PALMAS;98;ZAPALLO;0,25;SEP
LAS PALMAS;98;MANDIOCA;0,5;
LAS PALMAS;98;MANDIOCA;1;
LAS PALMAS;98;ZAPALLO;0,5;
LAS PALMAS;98;MANDIOCA;0;OCT
LAS PALMAS;98;ZAPALLO;0;AGO
MIRAFLORES;61;ZAPALLO;2;AGOST.
GENERAL VEDIA;19;MANDIOCA;2;
GENERAL VEDIA;19;ZAPALLO;2;
MAKALLE;45;ZAPALLO;1;
MAKALLE;45;ZAPALLO;2;
NULL;7;ZAPALLO;1,5;AGO
TRES ISLETAS;88;MANDIOCA;0,75;Julio
TRES ISLETAS;88;ZAPALLO;0,5;Julio
TRES ISLETAS;88;ZAPALLO;1;
TRES ISLETAS;88;ZAPALLO;0,5;ENE-DIC
TRES ISLETAS;88;MANDIOCA;1;Octubre
TRES ISLETAS;88;ZAPALLO;1;Julio
TRES ISLETAS;88;MANDIOCA;0,15;
TRES ISLETAS;88;ZAPALLO;0,5;Septiembre
TRES ISLETAS;88;MANDIOCA;0,25;ENE-DIC
TRES ISLETAS;88;ZAPALLO;0,25;ENE-DIC
TRES ISLETAS;88;ZAPALLO;0,25;
TRES ISLETAS;88;MANDIOCA;0,5;NOV
TRES ISLETAS;88;ZAPALLO;0,5;NOV
TRES ISLETAS;88;MANDIOCA;0,5;JUL
TRES ISLETAS;88;ZAPALLO;1;JUL
GENERAL VEDIA;19;MANDIOCA;0,5;
ENRIQUE URIEN;92;ZAPALLO;1;
ENRIQUE URIEN;92;ZAPALLO;0;
TRES ISLETAS;88;BATATA;1;OCT
TRES ISLETAS;88;MANDIOCA;0,5;SEPT
TRES ISLETAS;88;ZAPALLO;2;JUL
TRES ISLETAS;88;MANDIOCA;0;
TRES ISLETAS;88;ZAPALLO;0;
TRES ISLETAS;88;ZAPALLO;10;JUL-AGOS
TRES ISLETAS;88;MANDIOCA;0,5;
TRES ISLETAS;88;ZAPALLO;0,5;
TRES ISLETAS;88;MANDIOCA;0,5;ENE-DIC
TRES ISLETAS;88;MANDIOCA;0,5;SEPT
TRES ISLETAS;88;ZAPALLO;1,5;FEBRERO
TRES ISLETAS;88;MANDIOCA;0,5;
TRES ISLETAS;88;MANDIOCA;0,5;
TRES ISLETAS;88;ZAPALLO;0,5;
TRES ISLETAS;88;ZAPALLO;0,5;
TRES ISLETAS;88;ZAPALLO;1;Septeimbre
TRES ISLETAS;88;MANDIOCA;0,5;ENE-DIC
MARGARITA BELEN;94;MANDIOCA;0;
MARGARITA BELEN;94;ZAPALLO;0;
TRES ISLETAS;88;MANDIOCA;1;
TRES ISLETAS;88;ZAPALLO;1;
MARGARITA BELEN;94;MANDIOCA;0;
MARGARITA BELEN;94;ZAPALLO;0;
MIRAFLORES;89;ZAPALLO;1;
MIRAFLORES;89;ZAPALLO;5;
MIRAFLORES;89;ZAPALLO;1;
MIRAFLORES;89;ZAPALLO;0,5;
MARGARITA BELEN;94;ZAPALLO;3;
MIRAFLORES;89;ZAPALLO;1;
MIRAFLORES;89;ZAPALLO;1;
MIRAFLORES;89;ZAPALLO;2;
MIRAFLORES;89;ZAPALLO;2;
MIRAFLORES;89;ZAPALLO;1;
MIRAFLORES;89;ZAPALLO;1;
MIRAFLORES;89;ZAPALLO;1;
MIRAFLORES;89;MANDIOCA;1;
MIRAFLORES;89;ZAPALLO;2;
MIRAFLORES;89;ZAPALLO;0,5;
MIRAFLORES;89;ZAPALLO;1;
MIRAFLORES;89;ZAPALLO;1;
NULL;67;ZAPALLO;1;Febrero
JUAN JOSE CASTELLI;87;ZAPALLO;2;J,A, A
NULL;67;MANDIOCA;0,5;Agosto 
NULL;67;ZAPALLO;2;Agosto
NULL;67;MANDIOCA;0,5;Septiembre
NULL;67;ZAPALLO;0,5;Febrero
JUAN JOSE CASTELLI;87;ZAPALLO;2,5;A/S
JUAN JOSE CASTELLI;87;ZAPALLO;2;J/A  
JUAN JOSE CASTELLI;87;ZAPALLO;4;
JUAN JOSE CASTELLI;87;ZAPALLO;2;
JUAN JOSE CASTELLI;87;ZAPALLO;1,5;J/A
JUAN JOSE CASTELLI;87;ZAPALLO;1;A.S
JUAN JOSE CASTELLI;87;ZAPALLO;5;AGOSTO
JUAN JOSE CASTELLI;87;ZAPALLO;2;J/A
JUAN JOSE CASTELLI;87;ZAPALLO;3;NOVIEMBRE DICIEMBRE
JUAN JOSE CASTELLI;87;ZAPALLO;1;AGO.
JUAN JOSE CASTELLI;87;ZAPALLO;4;J-A
JUAN JOSE CASTELLI;87;ZAPALLO;4;J-A
MIRAFLORES;89;ZAPALLO;2;
MIRAFLORES;89;ZAPALLO;2;
MIRAFLORES;89;ZAPALLO;3;
MIRAFLORES;89;ZAPALLO;2;
MIRAFLORES;89;ZAPALLO;2;
PUERTO VILELAS;54;MANDIOCA;0,5;
JUAN JOSE CASTELLI;58;ZAPALLO;1;
VILLA RIO BERMEJITO;58;ZAPALLO;1;
VILLA RIO BERMEJITO;58;ZAPALLO;0,25;
VILLA RIO BERMEJITO;58;ZAPALLO;1;
VILLA RIO BERMEJITO;58;ZAPALLO;0,5;
VILLA RIO BERMEJITO;58;ZAPALLO;1;
VILLA RIO BERMEJITO;58;ZAPALLO;2;
VILLA RIO BERMEJITO;58;ZAPALLO;0,75;
JUAN JOSE CASTELLI;58;ZAPALLO;0,5;
VILLA RIO BERMEJITO;58;MANDIOCA;1,25;
VILLA RIO BERMEJITO;58;ZAPALLO;1;
VILLA RIO BERMEJITO;58;ZAPALLO;0,5;
VILLA RIO BERMEJITO;58;MANDIOCA;1;
VILLA RIO BERMEJITO;58;ZAPALLO;1;
VILLA RIO BERMEJITO;58;ZAPALLO;1;JUN.
MIRAFLORES;66;ZAPALLO;0,25;
MIRAFLORES;66;ZAPALLO;1;JUL/AGO
MIRAFLORES;66;MANDIOCA;1;
MIRAFLORES;66;ZAPALLO;1;
MIRAFLORES;66;ZAPALLO;1;ENERO
MIRAFLORES;66;ZAPALLO;1;JUL/AGO
MIRAFLORES;66;ZAPALLO;0,5;JUL/AGO
MIRAFLORES;66;ZAPALLO;0,5;FEB/MAR
MIRAFLORES;61;ZAPALLO;3;AGOST.
MIRAFLORES;61;ZAPALLO;2;
MIRAFLORES;61;ZAPALLO;6;
MIRAFLORES;61;ZAPALLO;3;JULIO
MIRAFLORES;61;ZAPALLO;0;
MIRAFLORES;61;ZAPALLO;0;
MIRAFLORES;61;ZAPALLO;3;
PAMPA DEL INFIERNO;16;ZAPALLO;1,5;agosto
PAMPA DEL INFIERNO;16;ZAPALLO;0,5;febrero
PAMPA DEL INFIERNO;16;ZAPALLO;2;
PAMPA DEL INFIERNO;16;ZAPALLO;2;febrero
PAMPA DEL INFIERNO;16;ZAPALLO;1,5;diciembre
PAMPA DEL INFIERNO;16;ZAPALLO;2;ocrubre
PAMPA DEL INFIERNO;16;ZAPALLO;0,25;febrero 
VILLA RIO BERMEJITO;73;ZAPALLO;1;MANUAL
JUAN JOSE CASTELLI;73;ZAPALLO;2;JUL-AGOS
JUAN JOSE CASTELLI;73;ZAPALLO;1;MANUAL
JUAN JOSE CASTELLI;73;ZAPALLO;2;FEB-MAR
JUAN JOSE CASTELLI;73;ZAPALLO;0,5;MANUAL
VILLA RIO BERMEJITO;73;ZAPALLO;0,5;A-S
JUAN JOSE CASTELLI;73;ZAPALLO;0;MANUAL
JUAN JOSE CASTELLI;73;ZAPALLO;3;MANUAL
VILLA RIO BERMEJITO;73;ZAPALLO;2;MANUAL
JUAN JOSE CASTELLI;73;ZAPALLO;3;
JUAN JOSE CASTELLI;73;ZAPALLO;2;MANUAL
JUAN JOSE CASTELLI;73;ZAPALLO;1;JULIO A DICIEMBRE
JUAN JOSE CASTELLI;73;ZAPALLO;1;
JUAN JOSE CASTELLI;73;ZAPALLO;1;MANUAL
JUAN JOSE CASTELLI;73;ZAPALLO;1;MANUAL
NULL;93;ZAPALLO;1;Enero
NULL;93;ZAPALLO;2;Enero
MACHAGAI;5;MANDIOCA;0;
MACHAGAI;5;ZAPALLO;0;
PUERTO TIROL;78;MANDIOCA;0;
PUERTO TIROL;78;ZAPALLO;2;
PUERTO TIROL;78;ZAPALLO;0;
PUERTO TIROL;78;ZAPALLO;0;
PUERTO TIROL;78;ZAPALLO;0;
PUERTO TIROL;78;ZAPALLO;0,5;
PUERTO TIROL;53;ZAPALLO;0,7;
PUERTO TIROL;78;MANDIOCA;0,5;
PUERTO TIROL;78;ZAPALLO;0,5;
PUERTO TIROL;78;MANDIOCA;0,25;
PUERTO TIROL;78;ZAPALLO;1;
GENERAL J. DE SAN MARTIN;78;ZAPALLO;2,5;
PUERTO TIROL;78;ZAPALLO;1;
PUERTO TIROL;78;MANDIOCA;0,5;
PUERTO TIROL;78;ZAPALLO;0,5;
PUERTO TIROL;78;MANDIOCA;0,5;
PUERTO TIROL;78;ZAPALLO;0,5;
PUERTO TIROL;78;MANDIOCA;0,5;
PUERTO TIROL;78;ZAPALLO;0,5;
PUERTO TIROL;78;ZAPALLO;1;
PUERTO TIROL;78;ZAPALLO;0,25;
PUERTO TIROL;78;MANDIOCA;3;
PUERTO TIROL;78;ZAPALLO;0,5;
PUERTO TIROL;78;MANDIOCA;0,5;
PUERTO TIROL;78;ZAPALLO;0,5;
PUERTO TIROL;78;MANDIOCA;1;
PUERTO TIROL;78;ZAPALLO;0,5;
PUERTO TIROL;78;MANDIOCA;0,5;
PUERTO TIROL;78;ZAPALLO;0,5;
MAKALLE;45;MANDIOCA;0,25;
MAKALLE;45;MANDIOCA;0,5;
MAKALLE;45;ZAPALLO;0,5;
MAKALLE;45;MANDIOCA;4;SEP.
COMANDANCIA FRIAS;93;ZAPALLO;1;Enero
MAKALLE;45;MANDIOCA;1;agosto - septiembre
MAKALLE;45;ZAPALLO;1;agosto - septiembre
NULL;93;ZAPALLO;1;Enero
NULL;93;ZAPALLO;1;Enero
NULL;85;ZAPALLO;0,5;SEP
NULL;85;ZAPALLO;1;NOV
NULL;85;ZAPALLO;0,5;NOV
NULL;85;ZAPALLO;0,5;
NULL;85;ZAPALLO;2;AGO
NULL;85;ZAPALLO;0,5;ENE
NULL;85;ZAPALLO;0,25;AGO
CAPITAN SOLARI;41;ZAPALLO;0,5;
NULL;41;MANDIOCA;0,5;
NULL;41;ZAPALLO;0,5;
NULL;41;MANDIOCA;0,5;
NULL;41;ZAPALLO;0,5;
NULL;41;MANDIOCA;5;
NULL;41;ZAPALLO;5;
NULL;41;MANDIOCA;0,5;
NULL;41;ZAPALLO;0,5;
NULL;NULL;MANDIOCA;1;
NULL;NULL;ZAPALLO;1;
NULL;85;ZAPALLO;0,2;AGO
NULL;85;ZAPALLO;0,5;JUL
NULL;85;MANDIOCA;0,2;ENE
NULL;85;ZAPALLO;0,2;ENE
NULL;41;MANDIOCA;0,25;
NULL;41;ZAPALLO;0,25;
CAPITAN SOLARI;41;MANDIOCA;1;
CAPITAN SOLARI;41;ZAPALLO;1;
NULL;41;MANDIOCA;0,5;
NULL;41;ZAPALLO;1;
CAPITAN SOLARI;41;MANDIOCA;1;
CAPITAN SOLARI;41;ZAPALLO;1;
CAPITAN SOLARI;41;MANDIOCA;1;
CAPITAN SOLARI;41;ZAPALLO;1;
CAPITAN SOLARI;41;ZAPALLO;1;
NULL;85;ZAPALLO;0,5;AGO
CAPITAN SOLARI;41;MANDIOCA;10;
CAPITAN SOLARI;41;ZAPALLO;10;
NULL;41;MANDIOCA;0,25;
NULL;41;ZAPALLO;0,25;
CAPITAN SOLARI;41;ZAPALLO;8;
;41;MANDIOCA;1;
;41;ZAPALLO;1;
CAPITAN SOLARI;41;MANDIOCA;0;
CAPITAN SOLARI;41;ZAPALLO;0;
CAPITAN SOLARI;41;MANDIOCA;0;
CAPITAN SOLARI;41;ZAPALLO;0;
NULL;41;ZAPALLO;2;
CAPITAN SOLARI;41;MANDIOCA;1;
CAPITAN SOLARI;41;ZAPALLO;1;
CAPITAN SOLARI;41;MANDIOCA;0,25;
CAPITAN SOLARI;41;ZAPALLO;0,25;
NULL;71;ZAPALLO;0,5;FEBRERO-MAYO
NULL;71;MANDIOCA;0,2;AGOSTO/SEP.
NULL;71;ZAPALLO;0,6;FEB
NULL;71;MANDIOCA;0,25;SEP/OCTUBRE
NULL;71;ZAPALLO;0,25;ENERO/FEBRERO
NULL;71;MANDIOCA;0,3;SEP.
NULL;71;MANDIOCA;0,25;AGOSTO SETIEMBREE
NULL;71;ZAPALLO;0,25;FEBRERO
NULL;71;MANDIOCA;0,2;SEP.
NULL;71;MANDIOCA;0,2;SEP.
NULL;71;ZAPALLO;0,5;MAYO
NULL;71;ZAPALLO;0,5;MAYO
NULL;71;ZAPALLO;0,2;FEBRERO
NULL;71;ZAPALLO;0,2;FEBRERO
NULL;44;ZAPALLO;400;
LA ESCONDIDA;40;MANDIOCA;1;AGOSTO/ NOV
LA ESCONDIDA;40;ZAPALLO;0,5;AGOS/ DIC
LA ESCONDIDA;40;MANDIOCA;3;
LA ESCONDIDA;40;ZAPALLO;3;
NULL;40;MANDIOCA;0,25;SEPT
LA ESCONDIDA;NULL;MANDIOCA;0,5;septiembre
LA ESCONDIDA;NULL;ZAPALLO;0,5;Septiembre
LA ESCONDIDA;40;MANDIOCA;0,5;SEP
LA ESCONDIDA;40;MANDIOCA;0,5;octubre
LA ESCONDIDA;40;ZAPALLO;0,5;octubre
LA ESCONDIDA;40;ZAPALLO;3;junio/agosto
LA ESCONDIDA;40;MANDIOCA;0,25;OCT
LA ESCONDIDA;40;ZAPALLO;0,25;OCT
LA ESCONDIDA;40;MANDIOCA;1;octubre 
LA ESCONDIDA;40;ZAPALLO;1;octubre
LA VERDE;69;ZAPALLO;0,5;
LA ESCONDIDA;40;MANDIOCA;0,25;OCTUBRE
LA ESCONDIDA;40;MANDIOCA;0;septiembre
LA ESCONDIDA;40;ZAPALLO;0;septiembre
LA ESCONDIDA;40;MANDIOCA;0;septiembre - octubre 
LA ESCONDIDA;40;ZAPALLO;0;septiembre
SAN BERNARDO;59;ZAPALLO;3;SEP
PRESIDENCIA ROQUE SAENZ PEÑA;51;MANDIOCA;0,5;
PRESIDENCIA ROQUE SAENZ PEÑA;51;ZAPALLO;0,5;
LA LEONESA;9;MANDIOCA;0,5;
LA LEONESA;9;ZAPALLO;0,5;
PRESIDENCIA ROQUE SAENZ PEÑA;51;ZAPALLO;3;OCTUBRE
LA TIGRA;51;ZAPALLO;2;BATATA Y MANDIOCA
LA TIGRA;51;ZAPALLO;2;BATATA Y MANDIOCA
EL SAUZALITO;75;ZAPALLO;1;agosto
EL SAUZALITO;75;ZAPALLO;0,5;septiembre
EL SAUZALITO;75;ZAPALLO;125;agosto
EL SAUZALITO;75;ZAPALLO;0,5;julio
TRES ISLETAS;18;ZAPALLO;0,5;ENERO
PRESIDENCIA ROQUE SAENZ PEÑA;18;ZAPALLO;2;
PUERTO VILELAS;54;BATATA;0;
PUERTO VILELAS;54;ZAPALLO;0,5;
TRES ISLETAS;18;MANDIOCA;5;
TRES ISLETAS;18;ZAPALLO;10;
PUERTO VILELAS;54;MANDIOCA;0;
EL SAUZALITO;75;ZAPALLO;0,5;septiembre 
PUERTO VILELAS;54;BATATA;0,5;
PUERTO VILELAS;54;ZAPALLO;0,5;
PUERTO VILELAS;54;BATATA;0,5;
PUERTO VILELAS;54;MANDIOCA;0;
NULL;20;MANDIOCA;1;AGO/SEP
NULL;20;ZAPALLO;0,5;AGO/SEP
NULL;20;MANDIOCA;0;
NULL;20;ZAPALLO;0;
NULL;20;MANDIOCA;0;
NULL;20;ZAPALLO;0;
NULL;20;MANDIOCA;0;
NULL;20;ZAPALLO;0;
NULL;20;MANDIOCA;0,5;AGO/SEP
NULL;20;ZAPALLO;0,25;AGO/SEP
NULL;20;MANDIOCA;0,25;AGO/SEP
NULL;20;ZAPALLO;0,25;AGO/SEP
NULL;20;MANDIOCA;1;AGO/SEP
NULL;20;ZAPALLO;0,5;AGO/SEP
NULL;20;MANDIOCA;0,25;AGO/SEP
NULL;20;ZAPALLO;0;
NULL;20;MANDIOCA;0,25;AGO/SEP
NULL;20;ZAPALLO;0,25;AGO/SEP
NULL;20;MANDIOCA;1,5;AGO/SEP
NULL;20;ZAPALLO;1;AGO/SEP
NULL;20;MANDIOCA;0,25;AGO/SEP
NULL;20;ZAPALLO;0,25;
NULL;20;MANDIOCA;0,5;AGO/SEP
NULL;20;ZAPALLO;0,5;AGO/SEP
NULL;20;ZAPALLO;0,5;AGO/SEP
NULL;20;MANDIOCA;0;
NULL;20;ZAPALLO;0;
NULL;20;MANDIOCA;0,25;AGO/SEP
NULL;20;MANDIOCA;0,25;AGO/SEP
NULL;20;ZAPALLO;0,25;AGO/SEP
NULL;20;ZAPALLO;0,25;AGO/SEP
NULL;20;MANDIOCA;0,25;AGO/SEP
NULL;20;ZAPALLO;0,25;AGO/SEP
NULL;20;MANDIOCA;0,25;AGO/SEP
NULL;20;ZAPALLO;0,25;AGO/SEP
NULL;20;MANDIOCA;0;AGO/SEP
NULL;20;MANDIOCA;1;AGO/SEP
NULL;20;ZAPALLO;1;AGO/SEP
NULL;20;MANDIOCA;0,25;AGO/SEP
NULL;20;ZAPALLO;0,25;
NULL;20;MANDIOCA;2;
NULL;20;ZAPALLO;2;
NULL;20;MANDIOCA;0;AGO/SEP
NULL;20;ZAPALLO;0;AGO/SEP
NULL;20;MANDIOCA;2;AGO/SEP
NULL;20;MANDIOCA;2;AGO/SEP
NULL;20;ZAPALLO;2;
NULL;20;MANDIOCA;2;AGO/SEP
NULL;20;ZAPALLO;2;
NULL;20;MANDIOCA;0,5;AGO/SEP
NULL;20;MANDIOCA;0,5;AGO/SEP
NULL;20;ZAPALLO;0,5;AGO/SEP
NULL;20;MANDIOCA;0;AGO/SEP
NULL;20;ZAPALLO;0;AGO/SEP
NULL;20;MANDIOCA;0,25;AGO-SEP
NULL;20;ZAPALLO;0,25;AGO-SEP (coreano)
NULL;20;ZAPALLO;0,25;AGO-SEP
NULL;20;MANDIOCA;0,05;AGO/SEP
NULL;20;ZAPALLO;0,05;AGO/SEP
NULL;20;MANDIOCA;0;AGO/SEP
NULL;20;ZAPALLO;0;AGO/SEP
NULL;20;MANDIOCA;0,5;AGO/SEP
NULL;19;MANDIOCA;0,25;
GENERAL VEDIA;19;MANDIOCA;1;
GENERAL VEDIA;19;ZAPALLO;0,5;
GENERAL VEDIA;19;MANDIOCA;1;
GENERAL VEDIA;19;ZAPALLO;1;
GENERAL VEDIA;19;MANDIOCA;1;
GENERAL VEDIA;19;ZAPALLO;1;
GENERAL VEDIA;19;MANDIOCA;0,25;
GENERAL VEDIA;19;ZAPALLO;0,25;
GENERAL VEDIA;19;MANDIOCA;0,25;
GENERAL VEDIA;19;ZAPALLO;0,25;
GENERAL VEDIA;19;MANDIOCA;0,5;
GENERAL VEDIA;19;ZAPALLO;0,5;
GENERAL VEDIA;19;MANDIOCA;1;
GENERAL VEDIA;19;ZAPALLO;0,5;
GENERAL VEDIA;19;MANDIOCA;0,5;
GENERAL VEDIA;19;ZAPALLO;0,5;
GENERAL VEDIA;19;MANDIOCA;0,5;
GENERAL VEDIA;19;ZAPALLO;0,5;
GENERAL VEDIA;19;ZAPALLO;0,5;
GENERAL VEDIA;19;MANDIOCA;0,5;
GENERAL VEDIA;19;MANDIOCA;0,5;
GENERAL VEDIA;19;ZAPALLO;0,5;
GENERAL VEDIA;19;MANDIOCA;1;
GENERAL VEDIA;19;ZAPALLO;0,5;
GENERAL VEDIA;19;MANDIOCA;1;
GENERAL VEDIA;19;ZAPALLO;0,5;
GENERAL VEDIA;19;MANDIOCA;0;
GENERAL VEDIA;19;ZAPALLO;0;
GENERAL VEDIA;19;MANDIOCA;0,5;
GENERAL VEDIA;19;ZAPALLO;0,5;
GENERAL VEDIA;19;MANDIOCA;2;
GENERAL VEDIA;19;ZAPALLO;1;
VILLA BERTHET;7;MANDIOCA;0,5;OCT
VILLA BERTHET;7;MANDIOCA;0,5;OCT
VILLA BERTHET;7;ZAPALLO;0,5;FEB
VILLA BERTHET;7;MANDIOCA;0,5;OCT
VILLA BERTHET;7;MANDIOCA;0,5;OCT
SAN BERNARDO;59;MANDIOCA;0,5;
SAN BERNARDO;59;ZAPALLO;1;
SAN BERNARDO;59;ZAPALLO;1;
SAN BERNARDO;59;ZAPALLO;3;
SAN BERNARDO;59;ZAPALLO;1;
SAN BERNARDO;59;ZAPALLO;2;
SAN BERNARDO;59;ZAPALLO;1;
SAN BERNARDO;59;ZAPALLO;1;
SAN BERNARDO;59;ZAPALLO;0,5;FEB
SAN BERNARDO;59;ZAPALLO;2;ENE
SAN BERNARDO;59;ZAPALLO;1;DIC
SAN BERNARDO;59;ZAPALLO;1;
SAN BERNARDO;59;ZAPALLO;1;
TRES ISLETAS;91;ZAPALLO;0,5;AGOSTO
TRES ISLETAS;91;ZAPALLO;1;AGO
TRES ISLETAS;91;MANDIOCA;0,5;AGO
TRES ISLETAS;91;ZAPALLO;1,5;AGO
TRES ISLETAS;91;MANDIOCA;0,5;AGOSTO
TRES ISLETAS;91;ZAPALLO;0,5;AGOSTO
TRES ISLETAS;91;ZAPALLO;1;AGO
TRES ISLETAS;91;MANDIOCA;0,5;AGOSTO
TRES ISLETAS;91;ZAPALLO;1;AGOSTO
TRES ISLETAS;91;ZAPALLO;1;
TRES ISLETAS;91;MANDIOCA;0,5;AGO
TRES ISLETAS;91;ZAPALLO;0,5;AGO
TRES ISLETAS;91;ZAPALLO;1;AGOSTO
TRES ISLETAS;91;MANDIOCA;0,5;AGOSTO
TRES ISLETAS;91;ZAPALLO;0,5;A-F
TRES ISLETAS;91;MANDIOCA;0,25;AGO
TRES ISLETAS;91;ZAPALLO;0,5;AGO
TRES ISLETAS;91;MANDIOCA;0,5;AGO
TRES ISLETAS;91;ZAPALLO;0,5;AGO
TRES ISLETAS;91;ZAPALLO;2;FEBBRERO
TRES ISLETAS;91;ZAPALLO;1;AGO
TRES ISLETAS;91;MANDIOCA;0,5;AGOSTO
TRES ISLETAS;91;ZAPALLO;0,5;AGOSTO
TRES ISLETAS;91;ZAPALLO;1;JUL
TRES ISLETAS;91;ZAPALLO;8;AGO
TRES ISLETAS;91;ZAPALLO;0,5;AGOSTO
TRES ISLETAS;91;MANDIOCA;0,5;AGOSTO
TRES ISLETAS;91;ZAPALLO;1;AGOSTO
TRES ISLETAS;91;ZAPALLO;1;AGOSTO
TRES ISLETAS;91;ZAPALLO;1;
TRES ISLETAS;91;ZAPALLO;0,25;SEPTIEMBRE
TRES ISLETAS;91;MANDIOCA;0,25;AGO
TRES ISLETAS;91;ZAPALLO;0,25;AGO
TRES ISLETAS;91;ZAPALLO;2,5;AGOSTO
TRES ISLETAS;91;ZAPALLO;1;AGOSTO
TRES ISLETAS;91;ZAPALLO;1;JUL/ AGO
TRES ISLETAS;91;ZAPALLO;1;AGOSTO
TRES ISLETAS;91;ZAPALLO;0,5;AGOSTO
TRES ISLETAS;91;ZAPALLO;1;AGOSTO
TRES ISLETAS;91;ZAPALLO;1;AGOSTO
TRES ISLETAS;91;MANDIOCA;1;5-6
TRES ISLETAS;91;ZAPALLO;2;JUL/AGO
COMANDANCIA FRIAS;99;ZAPALLO;2;ENERO- FEB
COMANDANCIA FRIAS;99;ZAPALLO;1;ENERO
COMANDANCIA FRIAS;99;ZAPALLO;2;
COMANDANCIA FRIAS;99;ZAPALLO;1;
COMANDANCIA FRIAS;99;ZAPALLO;0;ENERO
AVIA TERAI;100;ZAPALLO;0,5;
NULL;100;ZAPALLO;0,5;
NULL;100;MANDIOCA;1;
NULL;100;ZAPALLO;1;
NAPENAY;100;ZAPALLO;2;
AVIA TERAI;100;ZAPALLO;1;FBRERO
NAPENAY;17;MANDIOCA;0;DICIEMBRE 
NAPENAY;17;ZAPALLO;0;OCTUBRE 
AVIA TERAI;100;ZAPALLO;0;FEBRERO
NAPENAY;100;MANDIOCA;2,5;
NAPENAY;100;ZAPALLO;5;
AVIA TERAI;100;ZAPALLO;1;
NULL;40;MANDIOCA;1;OCT
NULL;40;ZAPALLO;0,5;OCTUBRE/MARZO
FONTANA;53;MANDIOCA;0,1;
FONTANA;53;ZAPALLO;0,1;
ISLA DEL CERRITO;52;MANDIOCA;0,25;AGOSTO- SEPT
ISLA DEL CERRITO;52;ZAPALLO;0,25;AGOSTO- SEPT
HERMOSO CAMPO;32;ZAPALLO;1;
HERMOSO CAMPO;32;ZAPALLO;20;
HERMOSO CAMPO;32;ZAPALLO;0,3;SEPTIEMBRE
LA TIGRA;42;ZAPALLO;0,5;
JUAN JOSE CASTELLI;49;ZAPALLO;3;AGO-NOV
JUAN JOSE CASTELLI;49;ZAPALLO;4;JUL
JUAN JOSE CASTELLI;49;ZAPALLO;2;JUL
JUAN JOSE CASTELLI;49;ZAPALLO;2;ENE
JUAN JOSE CASTELLI;49;ZAPALLO;2;ENERO-MARZ
JUAN JOSE CASTELLI;49;MANDIOCA;1;AGOS
JUAN JOSE CASTELLI;49;ZAPALLO;1;JULIO
NAPENAY;17;ZAPALLO;0,5;OCTUBRE
JUAN JOSE CASTELLI;73;ZAPALLO;1;MANUAL
JUAN JOSE CASTELLI;73;ZAPALLO;0,5;AGOSTO
VILLA RIO BERMEJITO;73;ZAPALLO;0;JUL-DIC
JUAN JOSE CASTELLI;73;ZAPALLO;4;
JUAN JOSE CASTELLI;73;ZAPALLO;3;J-A
JUAN JOSE CASTELLI;73;ZAPALLO;1;
JUAN JOSE CASTELLI;73;ZAPALLO;1;MANUAL
JUAN JOSE CASTELLI;73;ZAPALLO;2;AGOS
VILLA RIO BERMEJITO;73;ZAPALLO;2;FEB-MAR
JUAN JOSE CASTELLI;73;ZAPALLO;1;MANUAL
JUAN JOSE CASTELLI;73;ZAPALLO;0,5;FEB
JUAN JOSE CASTELLI;73;ZAPALLO;2;J-A
JUAN JOSE CASTELLI;73;ZAPALLO;1;MANUAL
JUAN JOSE CASTELLI;73;ZAPALLO;2;
VILLA RIO BERMEJITO;73;ZAPALLO;0,5;FEB-MARZ
JUAN JOSE CASTELLI;73;ZAPALLO;1;MANUAL
VILLA RIO BERMEJITO;11;ZAPALLO;0,5;AGOSTO
NAPENAY;17;ZAPALLO;0,5;OCTUBRE 
VILLA RIO BERMEJITO;11;MANDIOCA;2;SEPTIEMBRE
VILLA RIO BERMEJITO;11;ZAPALLO;2;SEPTIEMBRE
NAPENAY;17;MANDIOCA;0,5;DICIEMBRE 
NAPENAY;17;ZAPALLO;0,2;OCTUBRE 
JUAN JOSE CASTELLI;73;ZAPALLO;1;MANUAL
VILLA RIO BERMEJITO;73;ZAPALLO;2;FEB-MAR
NAPENAY;17;ZAPALLO;0,2;OCTUBRE 
JUAN JOSE CASTELLI;73;ZAPALLO;4;MANUAL
JUAN JOSE CASTELLI;73;ZAPALLO;1;MANUAL
VILLA RIO BERMEJITO;11;ZAPALLO;1;
VILLA RIO BERMEJITO;11;ZAPALLO;2,5;AGOSTO
NAPENAY;17;ZAPALLO;0,5;OCTUBRE 
NAPENAY;17;ZAPALLO;0,5;OCTUBRE 
NAPENAY;17;ZAPALLO;0,2;OCTUBRE 
NAPENAY;17;ZAPALLO;0,2;OCTUBRE 
NAPENAY;17;ZAPALLO;0,5;OCTUBRE 
NAPENAY;17;ZAPALLO;0,5;OCTUBRE 
NAPENAY;17;ZAPALLO;0,5;OCTUBRE 
NAPENAY;17;MANDIOCA;0,5;DICIEMBRE 
NAPENAY;17;ZAPALLO;0,5;OCTUBRE 
NAPENAY;17;MANDIOCA;0,5;OCTUBRE 
NAPENAY;17;ZAPALLO;0,5;OCTUBRE 
LA VERDE;69;ZAPALLO;3;anual
CONCEPCION DEL BERMEJO;15;ZAPALLO;0,5;Diciembre
NAPENAY;17;ZAPALLO;0,5;OCTUBRE 
NAPENAY;17;MANDIOCA;0,2;DICIEMBRE 
NAPENAY;17;ZAPALLO;0,5;OCTUBRE 
NAPENAY;17;ZAPALLO;0,2;OCTUBRE 
NAPENAY;17;ZAPALLO;0,2;OCTUBRE 
NAPENAY;17;ZAPALLO;0,5;OCTUBRE 
NAPENAY;17;MANDIOCA;0,5;DICIEMBRE 
NAPENAY;17;ZAPALLO;0,5;OCTUBRE 
NAPENAY;17;ZAPALLO;0,5;OCTUBRE 
NAPENAY;17;ZAPALLO;0;octubre 
NAPENAY;17;ZAPALLO;0,2;OCTUBRE 
NAPENAY;17;MANDIOCA;0,5;DICIEMBRE 
NAPENAY;17;ZAPALLO;0,2;OCTUBRE 
NAPENAY;17;ZAPALLO;0,5;OCTUBRE 
NAPENAY;17;ZAPALLO;0,5;OCTUBRE 
NAPENAY;17;MANDIOCA;0,5;NOVIEMBRE 
NAPENAY;17;ZAPALLO;0,5;OCTUBRE 
NAPENAY;17;ZAPALLO;0,5;OCTUBRE 
NAPENAY;17;ZAPALLO;0,5;OCTUBRE 
NAPENAY;17;ZAPALLO;0,2;OCTUBRE 
NAPENAY;17;ZAPALLO;0,5;OCTUBRE 
NAPENAY;17;ZAPALLO;0,5;OCTUBRE 
NAPENAY;17;MANDIOCA;0,5;DICIEMBRE 
NAPENAY;17;ZAPALLO;0,2;OCTUBRE 
NAPENAY;17;ZAPALLO;0,5;OCTUBRE 
NAPENAY;17;ZAPALLO;0,5;OCTUBRE 
LAS PALMAS;8;MANDIOCA;0,5;ago
LAS PALMAS;8;ZAPALLO;0,5;ago
NAPENAY;17;ZAPALLO;0,2;OCTUBRE 
NAPENAY;17;ZAPALLO;0,2;OCTUBRE 
NAPENAY;17;ZAPALLO;0,5;OCTUBRE 
NULL;38;ZAPALLO;0,25;Octubre
CORZUELA;43;ZAPALLO;1;
CORZUELA;43;ZAPALLO;1;
CORZUELA;43;ZAPALLO;1;
CORZUELA;43;ZAPALLO;1;
HERMOSO CAMPO;32;ZAPALLO;1;ENERO 
NAPENAY;17;ZAPALLO;0,5;DICIEMBRE 
NAPENAY;17;ZAPALLO;0,5;DICIEMBRE 
LAS PALMAS;8;MANDIOCA;0,25;AGOSTO
LAS PALMAS;8;ZAPALLO;0,25;AGOSTO
LAS PALMAS;8;MANDIOCA;1;agosto
LAS PALMAS;8;MANDIOCA;0,25;agosto
LAS PALMAS;8;ZAPALLO;0,5;agosto
NAPENAY;17;ZAPALLO;0,5;OCTUBRE 
NAPENAY;17;ZAPALLO;0,5;OCTUBRE 
VILLA RIO BERMEJITO;11;ZAPALLO;2;AGOSTO
VILLA RIO BERMEJITO;11;MANDIOCA;1;
VILLA RIO BERMEJITO;11;ZAPALLO;0,5;
VILLA RIO BERMEJITO;11;ZAPALLO;0,5;AGOSTO
LOS FRENTONES;34;ZAPALLO;1,5;
LOS FRENTONES;34;MANDIOCA;0;
LOS FRENTONES;34;ZAPALLO;0;TODO EL AÑO
VILLA RIO BERMEJITO;11;MANDIOCA;0,25;
VILLA RIO BERMEJITO;11;ZAPALLO;0,25;
LOS FRENTONES;34;ZAPALLO;0;MEDIA HECTAREA
CONCEPCION DEL BERMEJO;15;ZAPALLO;2;
VILLA RIO BERMEJITO;11;MANDIOCA;0,5;
VILLA RIO BERMEJITO;11;ZAPALLO;5;
VILLA RIO BERMEJITO;11;MANDIOCA;0,5;
VILLA RIO BERMEJITO;11;ZAPALLO;2;
VILLA RIO BERMEJITO;11;MANDIOCA;0,5;
VILLA RIO BERMEJITO;11;ZAPALLO;0,5;
VILLA RIO BERMEJITO;11;MANDIOCA;0,5;
VILLA RIO BERMEJITO;11;ZAPALLO;3;AGOSTO- SEPT
CONCEPCION DEL BERMEJO;15;ZAPALLO;2,5;
VILLA RIO BERMEJITO;11;MANDIOCA;0,5;SEPT/OCT
VILLA RIO BERMEJITO;11;ZAPALLO;2,5;JULIO/AGOSTO
VILLA RIO BERMEJITO;11;MANDIOCA;2;
VILLA RIO BERMEJITO;11;ZAPALLO;3;
CONCEPCION DEL BERMEJO;15;ZAPALLO;1;
CONCEPCION DEL BERMEJO;15;ZAPALLO;3;
VILLA RIO BERMEJITO;11;ZAPALLO;0,25;JULIO
VILLA RIO BERMEJITO;11;MANDIOCA;0;
VILLA RIO BERMEJITO;11;ZAPALLO;0;
LAS PALMAS;8;ZAPALLO;0,5;Agosto
LAS PALMAS;8;MANDIOCA;0,25;agosto
LAS PALMAS;8;ZAPALLO;0,25;agosto
LAS PALMAS;8;MANDIOCA;1;agosto
LAS PALMAS;8;ZAPALLO;0,5;ago
LAS PALMAS;8;MANDIOCA;0,5;ago
LAS PALMAS;8;ZAPALLO;0,5;sep
LAS PALMAS;8;MANDIOCA;1;ago
LAS PALMAS;8;ZAPALLO;0,25;ago
LAS PALMAS;8;MANDIOCA;0,25;
LAS PALMAS;8;ZAPALLO;0,25;
LAS PALMAS;8;MANDIOCA;0,25;ago/sep
LAS PALMAS;8;ZAPALLO;0,25;ago/sep
CORZUELA;43;ZAPALLO;1;
CHARATA;62;ZAPALLO;0,5;
CORZUELA;43;ZAPALLO;3;
CORZUELA;43;ZAPALLO;1;
NULL;NULL;MANDIOCA;0;
NULL;NULL;ZAPALLO;0;
LOS FRENTONES;34;ZAPALLO;0;MEDIA HECTAREA
NULL;20;MANDIOCA;0,25;AGO/SEP
NULL;34;ZAPALLO;0;MEDIA HECTAREA
LAS PALMAS;8;MANDIOCA;0,5;ago
LAS PALMAS;8;ZAPALLO;5;ago
NULL;20;MANDIOCA;0,25;AGO/SEP
NULL;20;MANDIOCA;0,5;AGO/SEP
LOS FRENTONES;34;ZAPALLO;0;MEDIA HECTAREA
NULL;NULL;ZAPALLO;0;
NULL;96;MANDIOCA;3;
NULL;20;MANDIOCA;0,25;AGO/SEP
NULL;20;ZAPALLO;0,25;AGO/SEP
LOS FRENTONES;34;ZAPALLO;0;MEDIA HECTAREA
NULL;43;ZAPALLO;1;
NULL;43;ZAPALLO;1;
CONCEPCION DEL BERMEJO;15;ZAPALLO;0,5;
NULL;15;ZAPALLO;3,5;
CONCEPCION DEL BERMEJO;15;ZAPALLO;2;
CONCEPCION DEL BERMEJO;15;ZAPALLO;1;
CONCEPCION DEL BERMEJO;15;ZAPALLO;1;
CONCEPCION DEL BERMEJO;15;ZAPALLO;1;
LAS PALMAS;8;MANDIOCA;1;ago
NULL;20;MANDIOCA;0,5;AGO/SEP
NULL;20;ZAPALLO;0,5;AGO/SEP
NULL;20;MANDIOCA;0,5;AGO/SEP
NULL;20;ZAPALLO;0,25;AGO/SEP
NULL;20;MANDIOCA;0,5;AGO
NAPENAY;17;ZAPALLO;0,2;OCTUBRE 
NULL;20;MANDIOCA;0,5;AGO/SEP
NULL;20;ZAPALLO;0,5;AGO/SEP
NAPENAY;17;ZAPALLO;0,5;OCTUBRE 
NULL;20;MANDIOCA;2;
NULL;20;ZAPALLO;1,5;
NAPENAY;17;ZAPALLO;0,5;OCTUBRE 
NULL;20;MANDIOCA;3;
NULL;20;ZAPALLO;1;
NAPENAY;17;MANDIOCA;0,5;DICIEMBRE 
NAPENAY;17;ZAPALLO;0,5;OCTUBRE 
NULL;20;MANDIOCA;0,25;AGO/SEP
NULL;20;ZAPALLO;0,25;AGO/SEP
NULL;20;MANDIOCA;0,5;AGO/SEP
NULL;20;ZAPALLO;0,5;AGO/SEP
NULL;20;MANDIOCA;0;
NULL;20;ZAPALLO;0;
NAPENAY;17;ZAPALLO;0,5;OCTUBRE 
NULL;20;MANDIOCA;0;
NULL;20;ZAPALLO;0;
NULL;63;ZAPALLO;0,5;
NULL;96;ZAPALLO;8;
NULL;96;ZAPALLO;0;AGOSTO
NULL;63;ZAPALLO;0;
NULL;63;ZAPALLO;0,5;
CONCEPCION DEL BERMEJO;15;ZAPALLO;2;dic
PRESIDENCIA ROQUE SAENZ PEÑA;12;MANDIOCA;1;NOVIEMBRE
PRESIDENCIA ROQUE SAENZ PEÑA;12;ZAPALLO;1;NOVIEMBRE
TRES ISLETAS;12;ZAPALLO;2;FEBRERO
TRES ISLETAS;12;MANDIOCA;50;NOVIEMBRE
NULL;8;MANDIOCA;0,25;ago
NULL;8;MANDIOCA;0,5;ago
NULL;8;MANDIOCA;0;ago
NULL;8;ZAPALLO;0;ago
NULL;8;MANDIOCA;1;ago/sep
NULL;43;ZAPALLO;1;AGOSTO
NULL;8;MANDIOCA;1;ago
NULL;8;ZAPALLO;0,5;ago
PAMPA DEL INFIERNO;16;ZAPALLO;1;noviembre
CONCEPCION DEL BERMEJO;15;ZAPALLO;0,5;nov
NULL;43;ZAPALLO;0,25;
NULL;43;ZAPALLO;1;ENERO
CONCEPCION DEL BERMEJO;15;ZAPALLO;0;
PRESIDENCIA ROQUE SAENZ PEÑA;12;MANDIOCA;0,5;AGOSTO
PRESIDENCIA ROQUE SAENZ PEÑA;12;ZAPALLO;0,5;SEPTIEMBRE
TRES ISLETAS;12;ZAPALLO;1,5;Febrero
CONCEPCION DEL BERMEJO;15;ZAPALLO;0;dic
LA CLOTILDE;42;ZAPALLO;0,5;
LA TIGRA;42;ZAPALLO;1,5;
LA TIGRA;42;ZAPALLO;0,5;OCTUBRE 
LA CLOTILDE;42;ZAPALLO;2,5;
LA TIGRA;42;ZAPALLO;2,5;
PAMPA DEL INFIERNO;16;ZAPALLO;4;julio
NULL;43;ZAPALLO;0,5;
PAMPA DEL INFIERNO;16;ZAPALLO;2,5;
NULL;96;ZAPALLO;1;
LA TIGRA;42;MANDIOCA;0,5;
CONCEPCION DEL BERMEJO;15;ZAPALLO;0,25;
CORONEL DU GRATY;96;ZAPALLO;5;JULIO
CONCEPCION DEL BERMEJO;15;MANDIOCA;2;
CONCEPCION DEL BERMEJO;15;ZAPALLO;2;
NULL;96;ZAPALLO;0,5;JULIO
PCIA. DE LA PLAZA;10;ZAPALLO;0;
NULL;28;ZAPALLO;0,25;
NULL;8;MANDIOCA;1;ago
TRES ISLETAS;91;MANDIOCA;0,5;AGO
TRES ISLETAS;91;ZAPALLO;1;AGO
NULL;8;MANDIOCA;0,25;ago
NULL;8;ZAPALLO;0,5;ago
NULL;8;MANDIOCA;1;ago
NULL;8;ZAPALLO;2;ago
TRES ISLETAS;91;ZAPALLO;2;AGO
NULL;8;MANDIOCA;0,5;ago
NULL;8;ZAPALLO;0,5;ago
TRES ISLETAS;91;MANDIOCA;0,5;AGO
TRES ISLETAS;91;ZAPALLO;2;AGO
NULL;8;MANDIOCA;1;ago
NULL;8;ZAPALLO;5;ago
TRES ISLETAS;91;ZAPALLO;1;AGO
NULL;71;MANDIOCA;0,2;
NULL;71;ZAPALLO;0,2;
NULL;71;MANDIOCA;0,25;
NULL;71;ZAPALLO;0,25;
NULL;71;MANDIOCA;0,2;
NULL;71;ZAPALLO;0,2;
NULL;71;MANDIOCA;0,2;
NULL;71;ZAPALLO;0,2;
NULL;24;MANDIOCA;0,25;agosto septiembre
NULL;24;ZAPALLO;0,15;febrero marzo
NULL;71;MANDIOCA;0;
NULL;71;MANDIOCA;0;
NULL;71;MANDIOCA;0,2;AGOSTO
NULL;71;MANDIOCA;0,2;AGOSTO
NULL;71;ZAPALLO;0;
NULL;71;ZAPALLO;0;
NULL;71;ZAPALLO;0,2;MAYO
NULL;71;ZAPALLO;0,2;MAYO
NULL;71;MANDIOCA;0,25;SEP.
NULL;71;ZAPALLO;0,25;FEBRERO/MAYO
MIRAFLORES;66;ZAPALLO;0,3;
TRES ISLETAS;12;ZAPALLO;15;FEBRERO 
TRES ISLETAS;12;MANDIOCA;0,5;SEPT
TRES ISLETAS;12;ZAPALLO;0,5;SEPT
TRES ISLETAS;12;MANDIOCA;0,5;OCTUBRE 
TRES ISLETAS;12;ZAPALLO;0,5;OCTUBRE 
NULL;66;ZAPALLO;1;JUL A DIC
NULL;71;MANDIOCA;0,25;ENERO
NULL;71;ZAPALLO;0,25;FEBRERO
;66;ZAPALLO;1;JUN/JUL
NULL;71;MANDIOCA;0,15;AGOSTO/SEP.
NULL;71;ZAPALLO;0,15;ENERO/FEBRERO
NULL;71;MANDIOCA;0,25;AGOSTO/SEP.
NULL;71;ZAPALLO;0,25;FEBRERO
NULL;71;MANDIOCA;0,2;AGOSTO
NULL;71;ZAPALLO;0,5;FEBRERO
GENERAL J. DE SAN MARTIN;24;MANDIOCA;1;agosto
GENERAL J. DE SAN MARTIN;24;ZAPALLO;1;julio
NULL;71;MANDIOCA;0,25;AGOSTO
NULL;71;ZAPALLO;0,25;FEBRERO
NULL;71;MANDIOCA;0,25;AGOSTO/SEP.
NULL;71;ZAPALLO;0,25;FEBRERO
MIRAFLORES;66;ZAPALLO;1;DIC
MIRAFLORES;66;ZAPALLO;1,5;ENE/FEB
NULL;71;MANDIOCA;0,25;SEP
NULL;71;ZAPALLO;0,25;FEBRERO
TRES ISLETAS;12;MANDIOCA;2,5;NOV
TRES ISLETAS;12;ZAPALLO;2,5;OCTUBRE 
TRES ISLETAS;12;ZAPALLO;0,5;AGOSTO 
NULL;71;MANDIOCA;0,15;AGOSTO
NULL;71;ZAPALLO;0,2;FEBRERO
PAMPA DEL INFIERNO;16;ZAPALLO;5;febrero
TRES ISLETAS;12;ZAPALLO;0,5;FEBRERO 
PCIA. DE LA PLAZA;10;ZAPALLO;1;SEP
NULL;71;MANDIOCA;0,15;AGOSTO/SEP.
NULL;71;ZAPALLO;0,5;FEB/MARZO
NULL;71;MANDIOCA;0,25;
NULL;71;ZAPALLO;0,25;FEBRERO
NULL;71;MANDIOCA;0,25;AGOSTO
NULL;71;ZAPALLO;0,25;FEBRERO
NULL;71;MANDIOCA;0,25;SEP.
NULL;71;ZAPALLO;0,25;FEB.
NULL;71;MANDIOCA;0,25;JULIO
NULL;71;ZAPALLO;0,25;JULIO
PCIA. DE LA PLAZA;10;ZAPALLO;0,5;JUN
PCIA. DE LA PLAZA;10;ZAPALLO;1;
PCIA. DE LA PLAZA;10;ZAPALLO;0,5;
PCIA. DE LA PLAZA;10;MANDIOCA;0,5;FEB 
PCIA. DE LA PLAZA;10;MANDIOCA;0,5;FEB 
PCIA. DE LA PLAZA;10;ZAPALLO;10;FEB
PCIA. DE LA PLAZA;10;ZAPALLO;10;FEB
PCIA. DE LA PLAZA;10;MANDIOCA;0;DIC
PCIA. DE LA PLAZA;10;ZAPALLO;2;OCT
PCIA. DE LA PLAZA;10;MANDIOCA;0,5;NOV
PCIA. DE LA PLAZA;10;ZAPALLO;0,5;SEP
NULL;15;ZAPALLO;1,5;FEB 
NULL;71;ZAPALLO;0,5;ENERO/FEB.
PCIA. DE LA PLAZA;10;MANDIOCA;0,5;JUN
PCIA. DE LA PLAZA;10;ZAPALLO;0,5;JUN
PCIA. DE LA PLAZA;10;ZAPALLO;1;SEP
NULL;71;MANDIOCA;0,25;AGOSTO/SEP.
NULL;71;ZAPALLO;0,25;FEB.
PCIA. DE LA PLAZA;NULL;MANDIOCA;1,5;OCT
PCIA. DE LA PLAZA;NULL;ZAPALLO;1,5;OCT
NULL;71;MANDIOCA;0,2;AGOSTO
NULL;71;ZAPALLO;0,2;FEB.
NULL;71;MANDIOCA;0,25;AGOSTO/SEP.
NULL;71;ZAPALLO;0,25;ENERO/FEB.
NULL;71;MANDIOCA;0,1;AGOSTO
NULL;71;ZAPALLO;0,2;FEB/MARZO
NULL;71;MANDIOCA;0,15;AGOSTO
NULL;71;ZAPALLO;0,25;ENERO/FEB.
NULL;71;MANDIOCA;0,3;SEP.
NULL;71;ZAPALLO;0,3;FEB.
NULL;71;MANDIOCA;0,2;AGOSTO
NULL;71;ZAPALLO;0,2;ENERO/FEB.
TRES ISLETAS;37;MANDIOCA;0,25;
TRES ISLETAS;37;ZAPALLO;0,25;
TRES ISLETAS;37;ZAPALLO;1;SEPT
QUITILIPI;37;MANDIOCA;0,25;
QUITILIPI;37;ZAPALLO;0,25;ENERO
TRES ISLETAS;37;ZAPALLO;0,5;
TRES ISLETAS;37;ZAPALLO;1;
QUITILIPI;37;ZAPALLO;0,25;
NULL;7;ZAPALLO;3;FEB
NULL;7;MANDIOCA;0,5;
NULL;7;ZAPALLO;0,5;
NULL;7;MANDIOCA;0,5;FEB
NULL;7;MANDIOCA;0,5;FEBRERO
NULL;7;ZAPALLO;0,5;FEBRERO
NULL;7;ZAPALLO;3;
TRES ISLETAS;37;ZAPALLO;0,5;SEPT
NULL;71;MANDIOCA;0,25;AGOSTO/SEP.
NULL;71;ZAPALLO;0,25;FEB.
TRES ISLETAS;37;MANDIOCA;0,5;
TRES ISLETAS;37;ZAPALLO;0,5;
TRES ISLETAS;37;ZAPALLO;0,5;AGOSTO 
TRES ISLETAS;37;ZAPALLO;0,5;
NULL;71;MANDIOCA;0,2;AGOSTO
NULL;71;ZAPALLO;0,2;ENERO/FEBR.
NULL;71;MANDIOCA;0,2;AGOSTO
NULL;71;ZAPALLO;0,2;ENERO/FEB.
NULL;71;MANDIOCA;0,25;SEP.
NULL;71;ZAPALLO;0,25;FEB/ABRIL
QUITILIPI;37;MANDIOCA;0,25;
QUITILIPI;37;ZAPALLO;0,25;
PCIA. DE LA PLAZA;10;MANDIOCA;0,5;JUN
PCIA. DE LA PLAZA;10;ZAPALLO;0,5;JUN
NULL;71;MANDIOCA;0,15;AGOSTO/SEPT.
NULL;71;ZAPALLO;0,5;ENERO/FEB.
NULL;71;MANDIOCA;0,2;AGOSTO
NULL;71;ZAPALLO;0,2;ENERO-FEBRERO
NULL;71;MANDIOCA;0,2;AGOSTO
NULL;71;ZAPALLO;0,2;FEB.
QUITILIPI;37;MANDIOCA;0,25;
QUITILIPI;37;ZAPALLO;0,25;
NULL;71;MANDIOCA;0,2;AGOSTO
NULL;71;ZAPALLO;0,2;ENERO/FEB.
CHARATA;62;ZAPALLO;1;fundido por inundación
NULL;71;MANDIOCA;0,25;AGOSTO/SEP.
NULL;71;ZAPALLO;0,25;ENERO/FEB.
NULL;71;MANDIOCA;0,1;AGOSTO
NULL;71;ZAPALLO;0,25;FEB.
NULL;71;MANDIOCA;0,25;AGOSTO
NULL;71;ZAPALLO;0,25;FEB.
NULL;71;MANDIOCA;0,15;AGOSTO/OCT.
NULL;71;ZAPALLO;0,25;ENERO/MARZO
NULL;71;MANDIOCA;0,15;AGOSTO- SEPTIEMBRE
NULL;71;ZAPALLO;0,3;FEBRERO MAYO
NULL;71;MANDIOCA;0,25;AGOSTO
NULL;71;ZAPALLO;0,25;FEB.
TRES ISLETAS;37;ZAPALLO;0;AGOSTO
TRES ISLETAS;37;ZAPALLO;0,25;
TRES ISLETAS;37;ZAPALLO;1;
QUITILIPI;37;MANDIOCA;0,5;
QUITILIPI;37;ZAPALLO;0,5;
NULL;8;ZAPALLO;2,5;ago
HERMOSO CAMPO;32;ZAPALLO;2;ENERO
NULL;8;ZAPALLO;1;ago
NULL;8;ZAPALLO;3,5;sep
TRES ISLETAS;37;ZAPALLO;0,5;SEPT
TRES ISLETAS;37;ZAPALLO;2;AGOSTO
NULL;8;MANDIOCA;2;sep
NULL;8;ZAPALLO;2;ago/ene
NULL;8;MANDIOCA;0,5;sep
NULL;8;ZAPALLO;2,5;ago/ene
TRES ISLETAS;37;ZAPALLO;0,5;
TRES ISLETAS;37;MANDIOCA;0,25;
TRES ISLETAS;37;ZAPALLO;0,25;
TRES ISLETAS;37;MANDIOCA;0,5;
TRES ISLETAS;37;ZAPALLO;0,5;
PRESIDENCIA ROQUE SAENZ PEÑA;18;ZAPALLO;1;
NULL;8;MANDIOCA;1;ago
NULL;8;ZAPALLO;2;ago
NULL;8;MANDIOCA;0,25;ago
NULL;8;ZAPALLO;314;0.25
NULL;8;MANDIOCA;0,5;sep
NULL;8;ZAPALLO;3,5;ago
LAS BRENAS;39;ZAPALLO;1;Octubre
NULL;7;MANDIOCA;1;
NULL;7;ZAPALLO;0,5;
VILLA BERTHET;7;ZAPALLO;0,5;
LAS BRENAS;39;ZAPALLO;0,25;Septiembre
TRES ISLETAS;91;ZAPALLO;0,25;SEPTIEMBRE
NULL;91;MANDIOCA;0,5;AGOSTO
NULL;91;ZAPALLO;1;AGOSTO
NULL;91;ZAPALLO;2;
NULL;40;ZAPALLO;0,5;SEPT
NULL;40;MANDIOCA;0;
VILLA ANGELA;33;ZAPALLO;1;Enero
NULL;8;ZAPALLO;2;ago
TRES ISLETAS;91;MANDIOCA;0,5;ANUAL
TRES ISLETAS;91;ZAPALLO;3;AGOSTO
NULL;8;ZAPALLO;2;ago
VILLA ANGELA;33;ZAPALLO;0;Enero
NULL;8;MANDIOCA;1;
NULL;8;ZAPALLO;1;
NULL;8;ZAPALLO;0,25;ago
PRESIDENCIA ROQUE SAENZ PEÑA;35;ZAPALLO;0,5;
TRES ISLETAS;91;ZAPALLO;5;AGOSTO
NULL;91;ZAPALLO;1;AGOSTO
NULL;40;ZAPALLO;0,5;julio
NULL;40;MANDIOCA;1;sept
NULL;35;MANDIOCA;0,5;
NULL;40;MANDIOCA;0;oct
NULL;40;ZAPALLO;0;sept 
NULL;8;MANDIOCA;0,25;ago
NULL;8;ZAPALLO;0,25;ago
NULL;8;MANDIOCA;1;ago
NULL;8;ZAPALLO;0,5;ago
LAS BRENAS;39;ZAPALLO;0,5;Noviembre
VILLA ANGELA;33;ZAPALLO;0,5;si
LAS BRENAS;39;ZAPALLO;0,5;Nov-Dic
NULL;NULL;ZAPALLO;1;Enero a noviembre
GENERAL J. DE SAN MARTIN;95;ZAPALLO;1;
NULL;95;ZAPALLO;2,5;
GENERAL J. DE SAN MARTIN;95;ZAPALLO;1;
PAMPA DEL INDIO;NULL;ZAPALLO;2;
PAMPA DEL INDIO;NULL;ZAPALLO;1;JULIO
PAMPA DEL INDIO;NULL;ZAPALLO;1;JULIO
PAMPA DEL INDIO;95;ZAPALLO;1;
PAMPA DEL INDIO;95;ZAPALLO;1;JULIO
PAMPA DEL INDIO;95;ZAPALLO;1;
PAMPA DEL INDIO;95;ZAPALLO;1;
PAMPA DEL INDIO;NULL;ZAPALLO;4;
PAMPA DEL INDIO;95;ZAPALLO;1;
CHOROTIS;64;ZAPALLO;0,25;SEPTIEMBRE
NULL;8;MANDIOCA;0,5;
NULL;8;MANDIOCA;3;ago-sep
NULL;8;ZAPALLO;2;ago-sep
NULL;8;MANDIOCA;0,25;oct
NULL;8;ZAPALLO;0,25;sep
NULL;8;MANDIOCA;0,25;oct
NULL;8;ZAPALLO;0,25;sep
NULL;8;ZAPALLO;0,25;ago
NULL;8;MANDIOCA;0,25;ago
NULL;8;MANDIOCA;1;ago-sep
NULL;8;MANDIOCA;1;ago
NULL;8;ZAPALLO;0,5;ago
LA LEONESA;9;MANDIOCA;2;AGOST/SEP.
LA LEONESA;9;ZAPALLO;2;AGOST./SEP.
LA LEONESA;9;MANDIOCA;0,25;AGOS./SEP.
LA LEONESA;9;ZAPALLO;0,25;AGOST./SEP
LA LEONESA;9;MANDIOCA;0,25;AGOSTO
LA LEONESA;9;MANDIOCA;0,5;AGOST./SEP.
LA LEONESA;9;ZAPALLO;0,5;AGOST/SEP.
LA LEONESA;9;MANDIOCA;0,25;SEP.
LA LEONESA;9;ZAPALLO;0,25;AGOST./SEP.
LA LEONESA;9;MANDIOCA;0,25;SEP.
LA LEONESA;9;ZAPALLO;0,25;AGOS./SEP.
LA LEONESA;9;MANDIOCA;0,25;
LA LEONESA;9;MANDIOCA;1;SEP.-NOV.
LA LEONESA;9;ZAPALLO;0,5;SEP.-FEB.
LA LEONESA;9;ZAPALLO;0,5;AGOS,-SEP.
LA LEONESA;9;ZAPALLO;0,5;AGOST.-SEP.
LA LEONESA;9;MANDIOCA;0,5;AGOS,-SEPT.
LA LEONESA;9;MANDIOCA;0,25;AGOS.- SEP
LA LEONESA;9;MANDIOCA;1;
LA LEONESA;9;ZAPALLO;1;
LA LEONESA;9;MANDIOCA;1;
LA LEONESA;9;ZAPALLO;0,5;
QUITILIPI;72;ZAPALLO;1;Agosto
LA LEONESA;9;MANDIOCA;1;
LA LEONESA;9;ZAPALLO;0,5;
LA LEONESA;9;MANDIOCA;1;
LA LEONESA;9;ZAPALLO;1;
LA LEONESA;9;ZAPALLO;0,25;
LA LEONESA;9;MANDIOCA;1;
LA LEONESA;9;ZAPALLO;0,5;
QUITILIPI;72;MANDIOCA;1;
QUITILIPI;72;ZAPALLO;1;
QUITILIPI;72;MANDIOCA;1,5;
QUITILIPI;72;ZAPALLO;1;
LAS PALMAS;8;MANDIOCA;0,25;ago
LAS PALMAS;8;ZAPALLO;0,25;ago
LAS PALMAS;8;MANDIOCA;0,5;ago
LAS PALMAS;8;ZAPALLO;0,25;ago
QUITILIPI;72;MANDIOCA;1;
QUITILIPI;72;ZAPALLO;1;
LAS PALMAS;8;MANDIOCA;0,25;ago
LAS PALMAS;8;ZAPALLO;0,25;sep
LA LEONESA;9;MANDIOCA;0;
LA LEONESA;9;MANDIOCA;0,25;
LA LEONESA;9;ZAPALLO;1,25;
LA LEONESA;9;MANDIOCA;0,5;
LA LEONESA;9;ZAPALLO;0,25;
LA LEONESA;9;MANDIOCA;1;
LA LEONESA;9;ZAPALLO;0,5;
LA LEONESA;9;MANDIOCA;0,25;
LA LEONESA;9;ZAPALLO;0,25;
LA LEONESA;9;ZAPALLO;0,25;
LA LEONESA;9;MANDIOCA;0,5;
LA LEONESA;9;ZAPALLO;0,5;
LA LEONESA;9;MANDIOCA;0,5;
LA LEONESA;9;ZAPALLO;0,5;
LA LEONESA;9;MANDIOCA;0,5;
LA LEONESA;9;ZAPALLO;0,25;
QUITILIPI;72;ZAPALLO;5;septiembre
QUITILIPI;72;MANDIOCA;1,5;
QUITILIPI;72;ZAPALLO;1,2;
LA LEONESA;9;ZAPALLO;0;
LA LEONESA;9;MANDIOCA;0,25;
;24;MANDIOCA;0,5;
;24;ZAPALLO;3;
LA LEONESA;9;MANDIOCA;0,25;
LA LEONESA;9;MANDIOCA;0,25;
NULL;24;ZAPALLO;3,1;
LA LEONESA;9;MANDIOCA;1;
LA LEONESA;9;ZAPALLO;1,5;
LA LEONESA;9;MANDIOCA;0,5;
LA LEONESA;9;ZAPALLO;0,5;
NULL;76;ZAPALLO;0,25;
LA LEONESA;9;MANDIOCA;0,25;
LA LEONESA;9;MANDIOCA;0,25;
LA LEONESA;9;ZAPALLO;0,25;
LA LEONESA;9;ZAPALLO;0,25;
QUITILIPI;72;MANDIOCA;1;verano
QUITILIPI;72;ZAPALLO;1;verano
NULL;19;MANDIOCA;1;
NULL;19;ZAPALLO;1;
GENERAL VEDIA;19;MANDIOCA;2;
GENERAL VEDIA;19;ZAPALLO;2;
GENERAL VEDIA;19;MANDIOCA;1;
GENERAL VEDIA;19;ZAPALLO;0,25;
QUITILIPI;72;MANDIOCA;1;
QUITILIPI;72;ZAPALLO;1;
NULL;14;ZAPALLO;0,5;ENER
NULL;14;MANDIOCA;0,5;AGO
NULL;14;ZAPALLO;1;ENE
NULL;14;ZAPALLO;1;AGO
QUITILIPI;72;ZAPALLO;0,25;agosto
QUITILIPI;72;ZAPALLO;0,25;agosto
QUITILIPI;72;MANDIOCA;1;octubre/diciembre
QUITILIPI;72;ZAPALLO;1;octubre/diciembre
;24;MANDIOCA;0,5;JULIO
;24;ZAPALLO;0,5;DICIEMBRE
AVIA TERAI;18;ZAPALLO;1;ENERO
AVIA TERAI;18;MANDIOCA;1;
AVIA TERAI;18;ZAPALLO;1;
PRESIDENCIA ROQUE SAENZ PEÑA;18;ZAPALLO;1;
VILLA ANGELA;NULL;ZAPALLO;0;
AVIA TERAI;18;MANDIOCA;1;
AVIA TERAI;18;ZAPALLO;1;
NULL;76;ZAPALLO;0;
GENERAL VEDIA;19;MANDIOCA;0,5;
GENERAL VEDIA;19;ZAPALLO;0,5;
GENERAL VEDIA;19;MANDIOCA;1,5;
GENERAL VEDIA;19;ZAPALLO;1;
NULL;76;ZAPALLO;0;
NULL;76;ZAPALLO;0;
QUITILIPI;72;ZAPALLO;1;Septiembre
NULL;76;ZAPALLO;0,5;Tardia
QUITILIPI;72;MANDIOCA;1;
QUITILIPI;72;ZAPALLO;1;julio
QUITILIPI;72;MANDIOCA;0,25;octubre
QUITILIPI;72;ZAPALLO;0,5;julio
NULL;76;ZAPALLO;0;
QUITILIPI;72;ZAPALLO;0,5;julio
QUITILIPI;72;MANDIOCA;1,4;agosto
QUITILIPI;72;ZAPALLO;1,2;agosto
GENERAL VEDIA;19;MANDIOCA;0,5;
GENERAL VEDIA;19;ZAPALLO;0,5;
GENERAL VEDIA;19;MANDIOCA;0,5;
GENERAL VEDIA;19;MANDIOCA;0,5;
GENERAL VEDIA;19;MANDIOCA;0,5;
GENERAL VEDIA;19;MANDIOCA;0,5;
GENERAL VEDIA;19;ZAPALLO;0,5;
GENERAL VEDIA;19;ZAPALLO;0,5;
GENERAL VEDIA;19;ZAPALLO;0,5;
GENERAL VEDIA;19;ZAPALLO;0,5;
AVIA TERAI;100;ZAPALLO;0,5;ENERO
AVIA TERAI;100;MANDIOCA;1;SEPTIEMBRE
AVIA TERAI;100;ZAPALLO;2;SEPTIEMBRE
GENERAL VEDIA;19;MANDIOCA;0,5;
GENERAL VEDIA;19;ZAPALLO;0,5;
GENERAL VEDIA;19;MANDIOCA;0,5;
GENERAL VEDIA;19;ZAPALLO;0,5;
QUITILIPI;72;MANDIOCA;2;febrero/septiembre
QUITILIPI;72;ZAPALLO;2;febrero/septiembre
QUITILIPI;72;ZAPALLO;1;febrero/diciembre
QUITILIPI;72;MANDIOCA;1,4;AGOSTO
QUITILIPI;72;ZAPALLO;0,5;AGOSTO
QUITILIPI;72;ZAPALLO;2;
LAS BRENAS;44;ZAPALLO;2;
QUITILIPI;72;ZAPALLO;5;julio
NULL;76;ZAPALLO;0,25;
QUITILIPI;72;ZAPALLO;6;enero/septiembre
;24;ZAPALLO;2;AGOSTO-SEPTIEMBRE
;24;MANDIOCA;1;JULIO
;24;ZAPALLO;2;ENERO
CHARATA;44;ZAPALLO;1;
CHARATA;44;ZAPALLO;1;
GENERAL J. DE SAN MARTIN;24;MANDIOCA;0,5;SEPTIEMBRE 
GENERAL J. DE SAN MARTIN;24;ZAPALLO;0,5;SEPTIEMBRE
GENERAL J. DE SAN MARTIN;24;ZAPALLO;1;AGOSTO
QUITILIPI;72;MANDIOCA;0,5;agosto/septiembre
QUITILIPI;72;ZAPALLO;0,5;enero/febrero
CHARATA;44;ZAPALLO;1;
QUITILIPI;72;ZAPALLO;0,25;junio
QUITILIPI;72;MANDIOCA;1;octubre
QUITILIPI;72;ZAPALLO;1;enero
AVIA TERAI;100;MANDIOCA;1;
AVIA TERAI;100;ZAPALLO;1;
QUITILIPI;72;MANDIOCA;1;septiembre/abril
QUITILIPI;72;ZAPALLO;1;febrero/julio
QUITILIPI;72;MANDIOCA;0,5;agosto
QUITILIPI;72;ZAPALLO;0,5;agosto
QUITILIPI;72;MANDIOCA;1;Primavera verano
QUITILIPI;72;ZAPALLO;1;Primavera verano
QUITILIPI;72;ZAPALLO;0;julio
QUITILIPI;72;MANDIOCA;1;septiembre
QUITILIPI;72;ZAPALLO;1;julio
QUITILIPI;72;MANDIOCA;1;septiembre
QUITILIPI;72;ZAPALLO;1;julio
GENERAL VEDIA;19;MANDIOCA;0,5;
GENERAL VEDIA;19;ZAPALLO;0,5;
GENERAL J. DE SAN MARTIN;23;MANDIOCA;1,5;AGOSTO
GENERAL J. DE SAN MARTIN;23;ZAPALLO;1,5;AGOSTO 
GENERAL J. DE SAN MARTIN;23;MANDIOCA;0,25;
GENERAL J. DE SAN MARTIN;23;ZAPALLO;0,25;
NULL;14;MANDIOCA;1;AGO
NULL;14;ZAPALLO;1;ENE
QUITILIPI;72;MANDIOCA;0,17;julio
QUITILIPI;72;ZAPALLO;0,1;julio
GENERAL J. DE SAN MARTIN;23;ZAPALLO;3;AGOSTO 
QUITILIPI;72;MANDIOCA;0,25;Agosto/octubre
QUITILIPI;72;ZAPALLO;0,25;Agosto
GENERAL J. DE SAN MARTIN;23;MANDIOCA;1;OCTUBRE 
NULL;14;ZAPALLO;1;AGO
GENERAL VEDIA;19;MANDIOCA;1,5;
GENERAL VEDIA;19;ZAPALLO;2;
NULL;14;MANDIOCA;0,5;AGO
NULL;14;ZAPALLO;1;ENE
GENERAL J. DE SAN MARTIN;23;MANDIOCA;1;SEPT 
GENERAL J. DE SAN MARTIN;23;ZAPALLO;1;FEBRERO 
GENERAL J. DE SAN MARTIN;23;MANDIOCA;1;SEPT
GENERAL J. DE SAN MARTIN;23;ZAPALLO;1;AGOSTO 
GENERAL J. DE SAN MARTIN;23;MANDIOCA;0,5;AGOSTO 
GENERAL J. DE SAN MARTIN;23;MANDIOCA;0,25;AGOSTO
GENERAL J. DE SAN MARTIN;23;ZAPALLO;0,25;SEPT
QUITILIPI;72;MANDIOCA;0,1;julio
QUITILIPI;72;ZAPALLO;0,1;julio
QUITILIPI;72;ZAPALLO;1;febrero
QUITILIPI;72;ZAPALLO;0,3;agosto
QUITILIPI;72;MANDIOCA;2;julio/agosto
QUITILIPI;72;ZAPALLO;1;agosto/septiembre
GENERAL J. DE SAN MARTIN;23;MANDIOCA;0,5;AGOSTO 
GENERAL J. DE SAN MARTIN;23;ZAPALLO;0,5;JULIO 
QUITILIPI;72;MANDIOCA;1;agosto
QUITILIPI;72;ZAPALLO;1;diciembre
GENERAL J. DE SAN MARTIN;23;ZAPALLO;3;
GENERAL J. DE SAN MARTIN;23;MANDIOCA;0,5;
GENERAL J. DE SAN MARTIN;23;ZAPALLO;0,5;
GENERAL J. DE SAN MARTIN;24;ZAPALLO;2,5;SEPTIEMBRE
QUITILIPI;72;MANDIOCA;1,5;septiembre
GENERAL J. DE SAN MARTIN;23;MANDIOCA;1;SEPT
GENERAL J. DE SAN MARTIN;23;ZAPALLO;3;SEPT 
GENERAL J. DE SAN MARTIN;23;MANDIOCA;0,5;
GENERAL J. DE SAN MARTIN;23;ZAPALLO;0,5;
GENERAL J. DE SAN MARTIN;23;MANDIOCA;0,5;AGOSTO 
GENERAL J. DE SAN MARTIN;23;ZAPALLO;0,25;AGOSTO 
GENERAL J. DE SAN MARTIN;23;ZAPALLO;0,5;
NULL;23;ZAPALLO;5;FEBRERO 
NULL;23;MANDIOCA;0,25;SEPT
NULL;23;ZAPALLO;2;
GENERAL VEDIA;19;MANDIOCA;0,5;
GENERAL VEDIA;19;ZAPALLO;0,25;
GENERAL J. DE SAN MARTIN;23;MANDIOCA;0,5;AGOSTO 
GENERAL J. DE SAN MARTIN;23;ZAPALLO;1,5;AGOSTO 
NULL;23;MANDIOCA;0,25;SEPT
NULL;23;MANDIOCA;0,5;ANUAL 
NULL;23;ZAPALLO;0,5;
GENERAL VEDIA;19;MANDIOCA;0,25;
GENERAL VEDIA;19;ZAPALLO;0,25;
NULL;14;MANDIOCA;0,5;SEP
NULL;14;ZAPALLO;1;AGO
GENERAL VEDIA;19;MANDIOCA;0,5;
GENERAL VEDIA;19;ZAPALLO;0,5;
NULL;14;ZAPALLO;1;AGO
GENERAL VEDIA;19;MANDIOCA;0,5;
GENERAL VEDIA;19;ZAPALLO;0,5;
GENERAL VEDIA;19;MANDIOCA;0,5;
GENERAL VEDIA;19;ZAPALLO;0,5;
NULL;14;ZAPALLO;0,5;AGO
QUITILIPI;72;ZAPALLO;1;julio/octubre
QUITILIPI;72;ZAPALLO;0,5;julio/agosto
QUITILIPI;72;MANDIOCA;1;julio/agosto
QUITILIPI;72;ZAPALLO;1;julio/agosto
QUITILIPI;72;MANDIOCA;0,05;octubre/noviembre
QUITILIPI;72;ZAPALLO;0,05;octubre/noviembre
QUITILIPI;72;MANDIOCA;1;
QUITILIPI;72;ZAPALLO;1;agosto/septiembre
QUITILIPI;72;MANDIOCA;2,5;agosto/septiembre
QUITILIPI;72;ZAPALLO;2,5;agosto/septiembre
QUITILIPI;72;ZAPALLO;2;julio
GENERAL J. DE SAN MARTIN;24;ZAPALLO;0;ANUAL
GENERAL J. DE SAN MARTIN;24;ZAPALLO;1;SEPTIEMBRE
QUITILIPI;72;MANDIOCA;0,25;octubre
QUITILIPI;72;ZAPALLO;0,25;julio
QUITILIPI;72;ZAPALLO;1;
NULL;14;ZAPALLO;1;ENE
NULL;14;ZAPALLO;1;AGO
NULL;13;MANDIOCA;0;
NULL;13;ZAPALLO;0;
NULL;14;ZAPALLO;1;ENE
QUITILIPI;72;MANDIOCA;0;septiembre
QUITILIPI;72;ZAPALLO;1;septiembre/enero
NULL;14;ZAPALLO;1;ENE
NULL;14;ZAPALLO;1;AGO
VILLA RIO BERMEJITO;11;MANDIOCA;0,25;
VILLA RIO BERMEJITO;11;ZAPALLO;0,25;
NULL;14;MANDIOCA;0,5;SEP
NULL;14;ZAPALLO;0,5;SEP
NULL;14;ZAPALLO;0,5;AGO
VILLA ANGELA;33;ZAPALLO;0,5;
VILLA ANGELA;33;ZAPALLO;0;Marzo
NULL;14;MANDIOCA;1;AGO
NULL;14;ZAPALLO;1;|ENE
NULL;14;ZAPALLO;1;ENE
MACHAGAI;5;MANDIOCA;0,5;Agosto
NULL;NULL;ZAPALLO;5;
NULL;NULL;ZAPALLO;0;OCT
NULL;NULL;MANDIOCA;1,2;
NULL;NULL;ZAPALLO;1,2;
NULL;NULL;ZAPALLO;1,2;Jul
NULL;NULL;ZAPALLO;1;
EL SAUZALITO;75;ZAPALLO;0,5;julio
MACHAGAI;3;MANDIOCA;1,2;Septiembre
MACHAGAI;3;ZAPALLO;1,2;Septiembre
QUITILIPI;2;ZAPALLO;1;MAYO
MACHAGAI;3;MANDIOCA;0;
MACHAGAI;3;ZAPALLO;0;
QUITILIPI;2;MANDIOCA;0,5;NO ESPECIFICA
QUITILIPI;2;ZAPALLO;0,5;NO ESPECIFICA
MACHAGAI;3;ZAPALLO;0;
MACHAGAI;3;MANDIOCA;1,2;
MACHAGAI;3;MANDIOCA;0;AGOSTO
MACHAGAI;3;ZAPALLO;0;AGOSTO
MACHAGAI;3;MANDIOCA;0;
NULL;13;MANDIOCA;0;
NULL;13;ZAPALLO;3;Agosto
MACHAGAI;3;MANDIOCA;1;SEPTIEMBRE
MACHAGAI;3;ZAPALLO;0,5;SEPTIEMBRE
MACHAGAI;3;MANDIOCA;0;SEPTIEMBRE
MACHAGAI;3;ZAPALLO;0;SEPTIEMBRE
MACHAGAI;3;ZAPALLO;0;SEP-NOV-DIC
SAN BERNARDO;59;ZAPALLO;2;DIC
SAN BERNARDO;59;ZAPALLO;1;DIC
QUITILIPI;2;ZAPALLO;2;FEB
;59;ZAPALLO;3;
QUITILIPI;2;MANDIOCA;0,5;AGO
QUITILIPI;2;ZAPALLO;0,5;AGO
QUITILIPI;2;MANDIOCA;0,5;
SAN BERNARDO;59;ZAPALLO;1;SEPT
SAN BERNARDO;59;ZAPALLO;1,5;
QUITILIPI;2;ZAPALLO;1;JUL
SAN BERNARDO;59;ZAPALLO;2;DIC
QUITILIPI;2;MANDIOCA;1;NO ESPECIFICA
QUITILIPI;2;ZAPALLO;1;JUNIO
QUITILIPI;2;ZAPALLO;0,5;
QUITILIPI;2;MANDIOCA;0,25;
QUITILIPI;2;ZAPALLO;0,5;
MIRAFLORES;89;ZAPALLO;10;
MACHAGAI;3;ZAPALLO;6;ZAPALLO
QUITILIPI;2;MANDIOCA;0,25;AGO
QUITILIPI;2;ZAPALLO;0,25;AGO
LAS GARCITAS;3;ZAPALLO;3;AGOSTO
MACHAGAI;3;ZAPALLO;1;JULIO
LAS GARCITAS;3;MANDIOCA;1,2;AGOSTO-ENERO
LAS GARCITAS;3;ZAPALLO;1,2;AGOSTO-ENERO
MACHAGAI;3;MANDIOCA;1;
LAS GARCITAS;3;MANDIOCA;0;
LAS GARCITAS;3;ZAPALLO;0;
LAS GARCITAS;3;MANDIOCA;1;JULIO
LAS GARCITAS;3;ZAPALLO;1;JULIO
LAS GARCITAS;3;MANDIOCA;1,4;
LAS GARCITAS;3;ZAPALLO;2;
NULL;13;MANDIOCA;0,5;Agosto
NULL;13;ZAPALLO;0,5;Agosto
EL ESPINILLO;0;ZAPALLO;9;AGOSTO
NULL;NULL;ZAPALLO;1;NOVIEMBRE-FEBRERO
JUAN JOSE CASTELLI;87;ZAPALLO;7;J/A
NULL;NULL;ZAPALLO;1;
NULL;NULL;ZAPALLO;0;OCT
JUAN JOSE CASTELLI;87;ZAPALLO;3;TODO EL AÑO
NULL;NULL;ZAPALLO;1;OCT/DIC
JUAN JOSE CASTELLI;87;ZAPALLO;2;J-A
JUAN JOSE CASTELLI;87;ZAPALLO;4;PRIMICIA/TARDIO
JUAN JOSE CASTELLI;87;ZAPALLO;2;J-A
JUAN JOSE CASTELLI;87;ZAPALLO;10;J/A  
NULL;85;ZAPALLO;0,5;ABR
NULL;85;ZAPALLO;0,5;JUL
NULL;85;ZAPALLO;0,5;JUL
NULL;85;ZAPALLO;0,5;
EL SAUZALITO;75;ZAPALLO;0,5;Agosto
NULL;85;ZAPALLO;0,5;JUL
NULL;85;ZAPALLO;0,5;NOV-DIC
NULL;85;ZAPALLO;0,5;ABR
NULL;85;ZAPALLO;0,5;
NULL;13;ZAPALLO;1;Septiembre
NULL;13;ZAPALLO;0,5;Jul/Ago
JUAN JOSE CASTELLI;87;ZAPALLO;2;JUL/AGO
JUAN JOSE CASTELLI;87;ZAPALLO;3;JUL
JUAN JOSE CASTELLI;87;ZAPALLO;4;JULIO
JUAN JOSE CASTELLI;87;ZAPALLO;7;J/A
JUAN JOSE CASTELLI;87;ZAPALLO;4;JULIO
VILLA RIO BERMEJITO;58;ZAPALLO;0,5;
NULL;85;ZAPALLO;0,5;
NULL;13;ZAPALLO;0,5;Jul/Ago
NULL;85;ZAPALLO;0,5;AGO
NULL;85;ZAPALLO;0,3;ENE-DIC
NULL;13;ZAPALLO;0,5;
NULL;85;ZAPALLO;0;AGO
QUITILIPI;2;MANDIOCA;0,25;JULIO
QUITILIPI;2;ZAPALLO;0,25;JULIO
NULL;85;ZAPALLO;0,5;JUL
PRESIDENCIA ROQUE SAENZ PEÑA;35;ZAPALLO;0,25;
NULL;85;ZAPALLO;0,5;SEP
PRESIDENCIA ROQUE SAENZ PEÑA;35;MANDIOCA;0,25;
PRESIDENCIA ROQUE SAENZ PEÑA;35;ZAPALLO;1;
PRESIDENCIA ROQUE SAENZ PEÑA;35;ZAPALLO;0,25;
NULL;85;ZAPALLO;0;AGO
VILLA RIO BERMEJITO;58;ZAPALLO;1;
MIRAFLORES;89;ZAPALLO;2;
NULL;13;ZAPALLO;0,5;
PRESIDENCIA ROQUE SAENZ PEÑA;35;ZAPALLO;0,5;
NULL;85;ZAPALLO;0,25;AGO-DIC
FONTANA;53;MANDIOCA;0,75;
NULL;85;MANDIOCA;0;
NULL;85;ZAPALLO;0;
NULL;13;MANDIOCA;0,25;Jul/Ago
NULL;13;ZAPALLO;0,5;Julio
NULL;85;ZAPALLO;0,25;AGO
NULL;NULL;MANDIOCA;0,25;Julio
NULL;NULL;ZAPALLO;0,25;Agosto
PRESIDENCIA ROQUE SAENZ PEÑA;35;ZAPALLO;0,5;MANUAL
COLONIA ABORIGEN;13;ZAPALLO;0,5;Julio/Agosto
COLONIA ABORIGEN;13;ZAPALLO;1;
VILLA RIO BERMEJITO;58;ZAPALLO;0,25;
PRESIDENCIA ROQUE SAENZ PEÑA;35;MANDIOCA;0,5;
PRESIDENCIA ROQUE SAENZ PEÑA;35;ZAPALLO;0,5;
MIRAFLORES;89;ZAPALLO;1;
MIRAFLORES;89;ZAPALLO;2;
MIRAFLORES;89;ZAPALLO;1;
MIRAFLORES;89;ZAPALLO;1;
MIRAFLORES;89;ZAPALLO;1;
NULL;85;ZAPALLO;0,5;AGO
NULL;85;ZAPALLO;0,5;
NULL;85;ZAPALLO;0,5;ABR
MACHAGAI;5;MANDIOCA;0,5;
MACHAGAI;5;ZAPALLO;0,5;
MACHAGAI;5;MANDIOCA;0,5;
MACHAGAI;5;ZAPALLO;0,5;
NULL;85;ZAPALLO;0,5;FEB
NULL;85;ZAPALLO;0,5;
NULL;85;ZAPALLO;0,5;AGO
GENERAL J. DE SAN MARTIN;22;MANDIOCA;2,5;Anual
GENERAL J. DE SAN MARTIN;22;ZAPALLO;0;Anual
GENERAL J. DE SAN MARTIN;22;MANDIOCA;2;
GENERAL J. DE SAN MARTIN;22;ZAPALLO;2;
GENERAL J. DE SAN MARTIN;22;ZAPALLO;0,25;
GENERAL J. DE SAN MARTIN;22;MANDIOCA;2;Noviembre
GENERAL J. DE SAN MARTIN;22;ZAPALLO;3;Noviembre
GENERAL J. DE SAN MARTIN;22;MANDIOCA;0,25;
GENERAL J. DE SAN MARTIN;22;ZAPALLO;0,25;
GENERAL J. DE SAN MARTIN;22;MANDIOCA;0,25;
GENERAL J. DE SAN MARTIN;22;MANDIOCA;0;
GENERAL J. DE SAN MARTIN;22;ZAPALLO;0;
EL SAUZALITO;75;ZAPALLO;0,5;agosto
MACHAGAI;5;MANDIOCA;0,5;Agosto
MACHAGAI;5;ZAPALLO;0,5;Agosto
EL SAUZALITO;75;ZAPALLO;125;julio
NULL;85;ZAPALLO;0,5;AGO
NULL;85;ZAPALLO;0,5;AGO
GENERAL J. DE SAN MARTIN;22;MANDIOCA;3;
GENERAL J. DE SAN MARTIN;22;ZAPALLO;0;Septiembre
GENERAL J. DE SAN MARTIN;22;MANDIOCA;0;Anual
GENERAL J. DE SAN MARTIN;22;ZAPALLO;0;
GENERAL J. DE SAN MARTIN;22;MANDIOCA;0,25;Ago/Sep
GENERAL J. DE SAN MARTIN;22;ZAPALLO;0,25;
GENERAL J. DE SAN MARTIN;22;MANDIOCA;0,5;Agosto
GENERAL J. DE SAN MARTIN;22;ZAPALLO;0;
GENERAL J. DE SAN MARTIN;22;ZAPALLO;0,5;Agosto
EL SAUZALITO;75;ZAPALLO;125;JULIO
TACO POZO;27;ZAPALLO;0,5;
EL SAUZALITO;75;ZAPALLO;0,5;septiembre 
TACO POZO;27;ZAPALLO;0,5;
EL SAUZALITO;75;ZAPALLO;0,5;septiembre
TACO POZO;27;ZAPALLO;0,5;
MIRAFLORES;89;ZAPALLO;1;
MIRAFLORES;89;ZAPALLO;2;
MIRAFLORES;89;ZAPALLO;1;
MIRAFLORES;89;ZAPALLO;2;
MIRAFLORES;61;ZAPALLO;1;
NULL;85;ZAPALLO;0,5;AGO
NULL;85;ZAPALLO;0,2;MAR
MACHAGAI;5;ZAPALLO;0,5;
NULL;85;ZAPALLO;0,5;NOV
CORZUELA;43;ZAPALLO;1;SEPTIEMBRE
TACO POZO;27;ZAPALLO;0,5;
NULL;85;ZAPALLO;0;
TACO POZO;27;ZAPALLO;0,5;
NULL;85;ZAPALLO;0,2;
NULL;85;MANDIOCA;0,5;
NULL;85;ZAPALLO;0,5;
;53;MANDIOCA;0,25;fines de Agosto
;53;ZAPALLO;0,25;Fines de Agosto
NULL;85;ZAPALLO;1;NOV
TACO POZO;27;ZAPALLO;0,5;
MIRAFLORES;61;ZAPALLO;2;
TACO POZO;27;ZAPALLO;0,25;
MIRAFLORES;89;ZAPALLO;2;
TACO POZO;27;ZAPALLO;1;
NULL;85;ZAPALLO;0,5;AGO
NULL;85;ZAPALLO;1;AGO
NULL;79;ZAPALLO;0,5;
NULL;79;ZAPALLO;1;JUL
NULL;85;ZAPALLO;0,5;AGO
MIRAFLORES;89;ZAPALLO;0;
MIRAFLORES;89;ZAPALLO;2;
NULL;85;ZAPALLO;0,5;JUL
NULL;85;ZAPALLO;0,25;FEB
NULL;85;ZAPALLO;0,25;
NULL;85;ZAPALLO;1;
NULL;24;ZAPALLO;1;sep
NULL;24;MANDIOCA;1,2;sep
NULL;24;ZAPALLO;1;sep/ene
NULL;24;MANDIOCA;0,25;sep
NULL;24;ZAPALLO;0,75;sep
MIRAFLORES;89;ZAPALLO;1;
MIRAFLORES;61;ZAPALLO;5;JUL.
NULL;79;ZAPALLO;0,5;JUL
MIRAFLORES;90;ZAPALLO;0;
MIRAFLORES;90;ZAPALLO;1;julio
NULL;24;MANDIOCA;0,5;anual
NULL;24;ZAPALLO;1;anual
NULL;24;MANDIOCA;0,5;oct
NULL;24;MANDIOCA;0,5;sep
NULL;24;ZAPALLO;1;sep
NULL;79;ZAPALLO;0,5;AGO
NULL;24;ZAPALLO;2;
NULL;24;ZAPALLO;5;feb
NULL;24;MANDIOCA;1,2;sep
NULL;24;ZAPALLO;1,2;sep
NULL;24;ZAPALLO;0;
NULL;24;MANDIOCA;0;
;53;MANDIOCA;0,3;agosto
;53;ZAPALLO;0,3;agosto
NULL;79;ZAPALLO;1,5;SEP
FONTANA;53;MANDIOCA;0;Fines de Agosto
FONTANA;53;ZAPALLO;0;fines de agosto
NULL;85;ZAPALLO;0,5;AGO
FONTANA;53;MANDIOCA;0,1;Fines de agosto
MIRAFLORES;89;ZAPALLO;2;
NULL;24;MANDIOCA;1;anual
NULL;24;ZAPALLO;1;Anual
FONTANA;53;MANDIOCA;0;fines de Agosto
NULL;85;MANDIOCA;0,5;
NULL;24;ZAPALLO;0;
NULL;85;ZAPALLO;0,5;
NULL;24;ZAPALLO;2;anual
NULL;85;ZAPALLO;0,5;AGO
NULL;24;ZAPALLO;2;anual
NULL;85;ZAPALLO;0,2;AGO
NULL;24;MANDIOCA;1,4;oct
NULL;24;ZAPALLO;1,4;oct
NULL;85;ZAPALLO;0,5;SEP 
NULL;30;ZAPALLO;0,5;
NULL;30;ZAPALLO;0,5;
FONTANA;53;MANDIOCA;1;fines de otoño
FONTANA;53;ZAPALLO;1;fines de otoño
NULL;30;ZAPALLO;0,5;AGOSTO
NULL;30;ZAPALLO;0;JULIO
NULL;79;ZAPALLO;1;AGO
NULL;30;ZAPALLO;1;AGOSTO
NULL;30;ZAPALLO;1,5;JULIO
NULL;30;ZAPALLO;0,5;SEPTIEMBRE
NULL;30;ZAPALLO;2;JULIO
NULL;24;MANDIOCA;1;sep
NULL;24;ZAPALLO;2;sep
MIRAFLORES;90;ZAPALLO;2;
NULL;24;ZAPALLO;3;mar
NULL;24;ZAPALLO;0,5;
GANCEDO;76;ZAPALLO;0,2;SEPTIEMBRE
NULL;24;ZAPALLO;1;
NULL;90;ZAPALLO;0,5;
MIRAFLORES;89;ZAPALLO;5;
NULL;90;ZAPALLO;2;
NULL;24;MANDIOCA;0,5;oct
NULL;24;ZAPALLO;2;oct
NULL;24;ZAPALLO;1,5;oct
NULL;24;MANDIOCA;0,5;ago
NULL;24;ZAPALLO;0,5;ago
MIRAFLORES;89;ZAPALLO;0,5;
NULL;24;MANDIOCA;2,5;sep
NULL;24;ZAPALLO;2,5;sep
MIRAFLORES;89;ZAPALLO;1;
NULL;24;MANDIOCA;1,2;sep
NULL;24;ZAPALLO;1,2;sep
MIRAFLORES;89;ZAPALLO;1;
NULL;24;MANDIOCA;1,4;sep
FONTANA;53;MANDIOCA;0;fines de agosto
FONTANA;53;ZAPALLO;0;fines de agosto
PRESIDENCIA ROQUE SAENZ PEÑA;51;MANDIOCA;0,25;
PRESIDENCIA ROQUE SAENZ PEÑA;51;ZAPALLO;0,5;
PRESIDENCIA ROQUE SAENZ PEÑA;51;MANDIOCA;2,5;
PRESIDENCIA ROQUE SAENZ PEÑA;51;ZAPALLO;2,5;
PRESIDENCIA ROQUE SAENZ PEÑA;51;MANDIOCA;1;
PRESIDENCIA ROQUE SAENZ PEÑA;51;ZAPALLO;1;
FUERTE ESPERANZA;36;ZAPALLO;0,5;
FUERTE ESPERANZA;36;ZAPALLO;4,5;NOVIEMBRE
MACHAGAI;5;MANDIOCA;0;
MACHAGAI;5;ZAPALLO;0,25;
QUITILIPI;5;ZAPALLO;2;
QUITILIPI;5;ZAPALLO;2;
PRESIDENCIA ROQUE SAENZ PEÑA;51;MANDIOCA;2;
PRESIDENCIA ROQUE SAENZ PEÑA;51;ZAPALLO;2;
PRESIDENCIA ROQUE SAENZ PEÑA;51;MANDIOCA;0,5;
PRESIDENCIA ROQUE SAENZ PEÑA;51;MANDIOCA;1;
FUERTE ESPERANZA;36;ZAPALLO;1;FEBRERO/MARZO
PRESIDENCIA ROQUE SAENZ PEÑA;51;MANDIOCA;1;
PRESIDENCIA ROQUE SAENZ PEÑA;51;ZAPALLO;1;
NULL;29;ZAPALLO;0,5;dic-ene
ENRIQUE URIEN;92;ZAPALLO;0,5;
ENRIQUE URIEN;92;ZAPALLO;0,5;
VILLA BERTHET;7;ZAPALLO;5;Febrero
VILLA BERTHET;7;MANDIOCA;0;
VILLA BERTHET;7;ZAPALLO;0;
PRESIDENCIA ROQUE SAENZ PEÑA;51;MANDIOCA;0,25;
FUERTE ESPERANZA;36;ZAPALLO;1;DICIEMBRE
FUERTE ESPERANZA;36;ZAPALLO;0,5;
NULL;29;ZAPALLO;1;
FUERTE ESPERANZA;36;ZAPALLO;1;DICIEMBRE/ENERO
FUERTE ESPERANZA;36;ZAPALLO;1;ENERO
FUERTE ESPERANZA;36;ZAPALLO;1;
NULL;24;MANDIOCA;0;
NULL;24;ZAPALLO;0;
NULL;24;MANDIOCA;5;Agosto- Septiembre
NULL;24;MANDIOCA;0;Septiembre
NULL;24;ZAPALLO;0;Septiembre
GENERAL J. DE SAN MARTIN;3;ZAPALLO;4;Junio- Agosto
GENERAL J. DE SAN MARTIN;21;MANDIOCA;0;Sep a Oct
GENERAL J. DE SAN MARTIN;21;ZAPALLO;2;Sep a Oct
GENERAL J. DE SAN MARTIN;21;MANDIOCA;0;Sep/Oct
GENERAL J. DE SAN MARTIN;21;ZAPALLO;0,5;Sep/Oct
GENERAL J. DE SAN MARTIN;21;MANDIOCA;0;
GENERAL J. DE SAN MARTIN;21;ZAPALLO;2;
GENERAL J. DE SAN MARTIN;21;MANDIOCA;0;Sep/Oct
GENERAL J. DE SAN MARTIN;21;ZAPALLO;2;Sep/Oct
GENERAL J. DE SAN MARTIN;21;MANDIOCA;0;Sep/Oct
GENERAL J. DE SAN MARTIN;21;ZAPALLO;2;SEpt/Oct
GENERAL J. DE SAN MARTIN;21;ZAPALLO;3;Agosto-Enero
GENERAL J. DE SAN MARTIN;21;ZAPALLO;1;Enero
GENERAL J. DE SAN MARTIN;21;ZAPALLO;3;Febrero
GENERAL J. DE SAN MARTIN;21;MANDIOCA;0,25;Octubre
GENERAL J. DE SAN MARTIN;21;ZAPALLO;0,25;Agosto
GENERAL J. DE SAN MARTIN;21;MANDIOCA;0,25;Sep
GENERAL J. DE SAN MARTIN;21;ZAPALLO;0,25;Sep
GENERAL J. DE SAN MARTIN;21;MANDIOCA;0;
GENERAL J. DE SAN MARTIN;21;ZAPALLO;0;
GENERAL J. DE SAN MARTIN;21;MANDIOCA;0;
GENERAL J. DE SAN MARTIN;21;ZAPALLO;0;
GENERAL J. DE SAN MARTIN;21;ZAPALLO;2,5;Sep/Oct
GENERAL J. DE SAN MARTIN;21;ZAPALLO;1;Septiembre
GENERAL J. DE SAN MARTIN;21;MANDIOCA;0,5;Agosto
GENERAL J. DE SAN MARTIN;21;ZAPALLO;3;Agosto
GENERAL J. DE SAN MARTIN;21;ZAPALLO;0,5;Primavera
GENERAL J. DE SAN MARTIN;21;MANDIOCA;0,5;Agosto
GENERAL J. DE SAN MARTIN;21;ZAPALLO;1;Agosto
GENERAL J. DE SAN MARTIN;21;MANDIOCA;1;Sept-Ene-Mar
GENERAL J. DE SAN MARTIN;21;ZAPALLO;0;
GENERAL J. DE SAN MARTIN;21;ZAPALLO;0,5;Agosto
GENERAL J. DE SAN MARTIN;21;MANDIOCA;0,5;Agosto-Septiembre
GENERAL J. DE SAN MARTIN;21;ZAPALLO;0;
GENERAL J. DE SAN MARTIN;21;MANDIOCA;0,5;Octubre
GENERAL J. DE SAN MARTIN;21;ZAPALLO;0,5;Febrero
GENERAL J. DE SAN MARTIN;21;ZAPALLO;2;Junio
GENERAL J. DE SAN MARTIN;21;ZAPALLO;1;Enero 
GENERAL J. DE SAN MARTIN;21;ZAPALLO;8;Febrero
GENERAL J. DE SAN MARTIN;21;ZAPALLO;3;Diciembre
GENERAL J. DE SAN MARTIN;21;MANDIOCA;0,5;
GENERAL J. DE SAN MARTIN;21;MANDIOCA;0,5;Noviembre
GENERAL J. DE SAN MARTIN;21;ZAPALLO;1,5;Octubre
GENERAL J. DE SAN MARTIN;21;MANDIOCA;0,5;Agosto
GENERAL J. DE SAN MARTIN;21;ZAPALLO;0,5;Agosto
GENERAL J. DE SAN MARTIN;21;ZAPALLO;3;Septiembre
GENERAL J. DE SAN MARTIN;21;MANDIOCA;0,5;Abril
GENERAL J. DE SAN MARTIN;21;ZAPALLO;0;
NULL;29;ZAPALLO;1;
NULL;67;ZAPALLO;1;Agosto
NULL;67;ZAPALLO;1;Febrero
NULL;67;ZAPALLO;1;Enero- Agosto
NULL;67;MANDIOCA;0,5;Agosto
NULL;67;ZAPALLO;0,5;Septiembre
NULL;67;ZAPALLO;0,5;Febrero
GENERAL J. DE SAN MARTIN;67;MANDIOCA;2;Agosto
GENERAL J. DE SAN MARTIN;67;ZAPALLO;2;Febreo
NULL;67;MANDIOCA;0,5;Agosto
NULL;67;ZAPALLO;1,5;Febrero
NULL;67;MANDIOCA;0,5;Agosto
LAS GARCITAS;4;MANDIOCA;0,25;MARZO
LAS GARCITAS;4;ZAPALLO;0,25;MARZO
NULL;67;MANDIOCA;0,5;Agosto
GENERAL J. DE SAN MARTIN;67;ZAPALLO;2;Agosto
NULL;67;MANDIOCA;0,5;Agosto
NULL;67;ZAPALLO;0,5;Febrero
NULL;67;ZAPALLO;1;Febrero
NULL;67;ZAPALLO;1;Febrero
NULL;67;ZAPALLO;2;Julio
NULL;67;ZAPALLO;0,5;Febrero
NULL;67;ZAPALLO;1;Febrero
NULL;29;MANDIOCA;0,25;feb-mar
NULL;29;ZAPALLO;0,5;feb-mar
NULL;29;ZAPALLO;0,5;
NULL;29;ZAPALLO;1;jul-ago
NULL;67;ZAPALLO;2;Agosto
NULL;67;ZAPALLO;3;Febrero
NULL;67;ZAPALLO;2;Agosto
NULL;67;MANDIOCA;2;Septiembre
NULL;67;MANDIOCA;0,5;Septiembre
NULL;67;ZAPALLO;0,5;Agosto
NULL;67;MANDIOCA;0,5;Agosto
NULL;67;ZAPALLO;1;Enero
NULL;67;ZAPALLO;5;Febrero
NULL;67;MANDIOCA;2;Agosto
NULL;67;ZAPALLO;3;Febrero
NULL;67;ZAPALLO;1;Septiembre
NULL;67;ZAPALLO;2;Agosto
NULL;67;ZAPALLO;5;Agosto 
NULL;67;ZAPALLO;1;Enero
GENERAL J. DE SAN MARTIN;3;ZAPALLO;3;Febrero
GENERAL J. DE SAN MARTIN;67;ZAPALLO;1;Agosto
GENERAL J. DE SAN MARTIN;67;ZAPALLO;1;Agosto
NULL;67;MANDIOCA;1,5;Agosto
NULL;67;ZAPALLO;2,5;Febrero
NULL;67;MANDIOCA;1;Agosto
NULL;67;ZAPALLO;3;Agosto
LAS GARCITAS;4;MANDIOCA;0,5;JUL-AGOS
LAS GARCITAS;4;ZAPALLO;0,5;JUL-AGOS
LAS GARCITAS;4;MANDIOCA;0,3;Noviembre
LAS GARCITAS;4;ZAPALLO;0,25;Agosto 
LAS GARCITAS;4;MANDIOCA;0,5;AGOSTO
LAS GARCITAS;4;ZAPALLO;0,5;AGO-DIC
FUERTE ESPERANZA;36;ZAPALLO;1;AGOSOT FEBRERO
FUERTE ESPERANZA;36;ZAPALLO;0;OCTUBRE/NOVIEMBRE
FUERTE ESPERANZA;36;ZAPALLO;0,25;
FUERTE ESPERANZA;36;ZAPALLO;1;
FUERTE ESPERANZA;36;ZAPALLO;3;DICIEMBRE/ENERO
FUERTE ESPERANZA;36;ZAPALLO;0,5;ENERO
MAKALLE;45;MANDIOCA;0,5;
MAKALLE;45;MANDIOCA;1;
MAKALLE;45;MANDIOCA;1;
MAKALLE;45;ZAPALLO;0,5;
MAKALLE;45;MANDIOCA;0,25;
MAKALLE;45;ZAPALLO;0,5;
MAKALLE;45;ZAPALLO;0,5;
MAKALLE;45;ZAPALLO;0,5;
MAKALLE;45;MANDIOCA;0;
MAKALLE;45;ZAPALLO;0;
MAKALLE;45;MANDIOCA;0,5;
MAKALLE;45;ZAPALLO;0,5;
PUERTO TIROL;45;ZAPALLO;0,5;
PUERTO TIROL;78;MANDIOCA;0,5;
NULL;NULL;ZAPALLO;1;Octubre/ Noviembre
GENERAL PINEDO;3;ZAPALLO;1,4;Agosto
GENERAL PINEDO;3;ZAPALLO;1;Enero
MACHAGAI;3;ZAPALLO;10;
GENERAL PINEDO;3;ZAPALLO;0;
GENERAL PINEDO;3;ZAPALLO;1,4;
GENERAL PINEDO;3;ZAPALLO;0;AGO
GENERAL PINEDO;3;ZAPALLO;0;AGO
GENERAL PINEDO;3;ZAPALLO;1;Enero
GENERAL PINEDO;3;ZAPALLO;1;Enero
PUERTO TIROL;78;MANDIOCA;1;
PUERTO TIROL;78;ZAPALLO;0,25;
PUERTO TIROL;78;MANDIOCA;2;
PUERTO TIROL;78;ZAPALLO;0;
PUERTO TIROL;78;ZAPALLO;1;
NULL;NULL;ZAPALLO;0;Enero
NULL;NULL;ZAPALLO;1;
PUERTO TIROL;78;MANDIOCA;0,5;
PUERTO TIROL;78;ZAPALLO;0,5;
GENERAL PINEDO;3;ZAPALLO;1;
PUERTO TIROL;78;MANDIOCA;0;
PUERTO TIROL;78;ZAPALLO;0,5;
PUERTO TIROL;78;ZAPALLO;0,5;
PUERTO TIROL;78;MANDIOCA;0,25;
PUERTO TIROL;78;ZAPALLO;0,25;
PUERTO TIROL;78;MANDIOCA;0,5;
PUERTO TIROL;78;ZAPALLO;0,5;
PUERTO TIROL;78;MANDIOCA;0;
PUERTO TIROL;78;ZAPALLO;0;
PUERTO TIROL;78;MANDIOCA;0,5;
PUERTO TIROL;78;ZAPALLO;0,5;
PUERTO TIROL;78;ZAPALLO;0,5;
PUERTO TIROL;78;ZAPALLO;0,5;
LA ESCONDIDA;40;ZAPALLO;1;septiembre
LA ESCONDIDA;40;MANDIOCA;1;
QUITILIPI;2;MANDIOCA;0,5;JULIO
QUITILIPI;2;ZAPALLO;0,25;JULIO
LA LEONESA;9;MANDIOCA;0,25;SEPTIEMBRE
LA LEONESA;9;ZAPALLO;0,25;SEPTIEMBRE
QUITILIPI;2;ZAPALLO;1;JULIO
QUITILIPI;2;MANDIOCA;0,25;AGOSTO
QUITILIPI;2;ZAPALLO;0,5;JULIO
LA LEONESA;9;ZAPALLO;0,25;SEPTIEMBRE
TRES ISLETAS;2;ZAPALLO;1;
LA LEONESA;9;MANDIOCA;0,5;AGOSTO
LA LEONESA;9;ZAPALLO;0,5;AGOSTO
CAPITAN SOLARI;41;MANDIOCA;1;
CAPITAN SOLARI;41;ZAPALLO;1;
CAPITAN SOLARI;41;MANDIOCA;1;
CAPITAN SOLARI;41;ZAPALLO;1;
CAPITAN SOLARI;41;MANDIOCA;1;
CAPITAN SOLARI;41;ZAPALLO;1;
CAPITAN SOLARI;41;MANDIOCA;1;
CAPITAN SOLARI;41;ZAPALLO;1;
NULL;41;MANDIOCA;1;
NULL;41;ZAPALLO;1;
CAPITAN SOLARI;41;MANDIOCA;1;
CAPITAN SOLARI;41;ZAPALLO;1;
CAPITAN SOLARI;41;MANDIOCA;1;
CAPITAN SOLARI;41;ZAPALLO;1;
CAPITAN SOLARI;41;MANDIOCA;1;
CAPITAN SOLARI;41;ZAPALLO;1;
COLONIA BENITEZ;6;MANDIOCA;0;
COLONIA BENITEZ;6;ZAPALLO;0;
CAPITAN SOLARI;41;MANDIOCA;1;
CAPITAN SOLARI;41;ZAPALLO;2;
CAPITAN SOLARI;41;ZAPALLO;1;
CAPITAN SOLARI;41;MANDIOCA;1;
CAPITAN SOLARI;41;ZAPALLO;1;
CAPITAN SOLARI;41;ZAPALLO;0,25;
COLONIAS UNIDAS;65;ZAPALLO;0,75;Jul-Sep
COLONIAS UNIDAS;65;MANDIOCA;0,5;Agosto
COLONIAS UNIDAS;65;ZAPALLO;0,5;Jul-Ago
COLONIAS UNIDAS;65;ZAPALLO;0,5;Ene/jul
COLONIAS UNIDAS;65;MANDIOCA;0,5;Septiembre
COLONIAS UNIDAS;65;ZAPALLO;0,5;Jul/Ene
COLONIAS UNIDAS;65;MANDIOCA;0,5;Septiembre
COLONIAS UNIDAS;65;ZAPALLO;0,5;Jul/Sep
COLONIAS UNIDAS;65;MANDIOCA;0,25;Agosto
COLONIAS UNIDAS;65;ZAPALLO;0,5;Septiembre
COLONIAS UNIDAS;65;MANDIOCA;0;Ago/Sep
COLONIAS UNIDAS;65;ZAPALLO;0;Ago-Sep
COLONIAS UNIDAS;65;MANDIOCA;0,25;Ago-Sep
COLONIAS UNIDAS;65;ZAPALLO;0,5;Ago-Sep
COLONIAS UNIDAS;65;ZAPALLO;0,25;
COLONIAS UNIDAS;65;ZAPALLO;0,5;Jul/Sep
COLONIAS UNIDAS;65;MANDIOCA;0,5;Septiembre
COLONIAS UNIDAS;65;ZAPALLO;0,5;Septiembre
COLONIAS UNIDAS;65;MANDIOCA;0;Agosto
COLONIAS UNIDAS;65;ZAPALLO;0,25;Septiembre
COLONIAS UNIDAS;65;MANDIOCA;0;Septiembre
COLONIAS UNIDAS;65;ZAPALLO;0;Jul/Sep
COLONIAS UNIDAS;65;ZAPALLO;1;Ago-Sep
COLONIAS UNIDAS;65;MANDIOCA;0,5;Ago-Sep
COLONIAS UNIDAS;65;ZAPALLO;0,5;Ago-Sep
COLONIAS UNIDAS;65;MANDIOCA;0,5;Agosto
COLONIAS UNIDAS;65;ZAPALLO;0,25;Ago/Sep
COLONIAS UNIDAS;65;MANDIOCA;0;Septiembre
COLONIAS UNIDAS;65;MANDIOCA;0,25;Septiembre
COLONIAS UNIDAS;65;ZAPALLO;0,25;Jul/Sep
COLONIAS UNIDAS;65;MANDIOCA;0,5;Ago-Sep
COLONIAS UNIDAS;65;ZAPALLO;0,5;Jul/Sep
COLONIAS UNIDAS;NULL;MANDIOCA;0,5;Septiembre
COLONIAS UNIDAS;NULL;ZAPALLO;0,5;Jul-Sep
JUAN JOSE CASTELLI;48;ZAPALLO;3;JUL
JUAN JOSE CASTELLI;48;ZAPALLO;3;JUL
JUAN JOSE CASTELLI;48;ZAPALLO;3;Julio
JUAN JOSE CASTELLI;48;ZAPALLO;3;Julio
MACHAGAI;13;MANDIOCA;0,25;
MACHAGAI;13;ZAPALLO;0,25;
MACHAGAI;13;MANDIOCA;0,25;
MACHAGAI;13;ZAPALLO;0,25;
MACHAGAI;13;MANDIOCA;0,25;
MACHAGAI;13;MANDIOCA;0,5;
MACHAGAI;13;ZAPALLO;0,5;
MACHAGAI;13;ZAPALLO;0,5;
MACHAGAI;13;MANDIOCA;0,5;
MACHAGAI;13;ZAPALLO;0,5;
MACHAGAI;13;ZAPALLO;1;
LA LEONESA;9;MANDIOCA;0;SEPT
LA LEONESA;9;ZAPALLO;0;SEPT
LA LEONESA;9;MANDIOCA;0;AGOSTO
LA LEONESA;9;ZAPALLO;0;SEPT
LA LEONESA;9;MANDIOCA;0;SEPT
LA LEONESA;9;ZAPALLO;0;SEPT
LA LEONESA;9;MANDIOCA;0,5;
LA LEONESA;9;MANDIOCA;0;SEPT
LA LEONESA;9;ZAPALLO;0;SEPT
MACHAGAI;13;MANDIOCA;0,25;
MACHAGAI;13;ZAPALLO;0,25;
MACHAGAI;13;MANDIOCA;0,25;
MACHAGAI;13;ZAPALLO;1;
LA LEONESA;9;MANDIOCA;0,5;SEPT
LA LEONESA;9;ZAPALLO;0,5;SEPT
LA LEONESA;9;MANDIOCA;0;SEPT
LA LEONESA;9;ZAPALLO;0;AGOSTO
LA LEONESA;9;MANDIOCA;0;SEPT.
LA LEONESA;9;ZAPALLO;0;SEPT
LA LEONESA;9;MANDIOCA;0;SEPT
LA LEONESA;9;ZAPALLO;0;SEPT
MACHAGAI;13;ZAPALLO;0,25;
MACHAGAI;13;ZAPALLO;0,25;
LA ESCONDIDA;40;MANDIOCA;0,25;octubre
LAS GARCITAS;4;ZAPALLO;1;SEP
LAS GARCITAS;4;ZAPALLO;1;SEP
LAS GARCITAS;4;MANDIOCA;1;SEP
LAS GARCITAS;4;ZAPALLO;1;SEP 
LAS GARCITAS;4;MANDIOCA;0;
LAS GARCITAS;4;ZAPALLO;0;
LAS GARCITAS;4;MANDIOCA;2;SEP
LAS GARCITAS;4;ZAPALLO;2;SEP/OCT
ISLA DEL CERRITO;52;MANDIOCA;2;AGOSTO
ISLA DEL CERRITO;52;ZAPALLO;2;AGOSTO
LAS GARCITAS;4;ZAPALLO;1;SEP
LAS GARCITAS;4;ZAPALLO;2;SEP
LAS GARCITAS;4;ZAPALLO;5;SEP
LAS GARCITAS;4;ZAPALLO;1;SEP
LAS GARCITAS;4;ZAPALLO;1;SEP
LAS GARCITAS;4;MANDIOCA;0,5;AGOS
PUERTO BERMEJO;20;MANDIOCA;0,5;
PUERTO BERMEJO;20;ZAPALLO;0,25;Calabaza
PUERTO BERMEJO;20;ZAPALLO;0,5;
LA LEONESA;9;MANDIOCA;0;SEPT
LA LEONESA;9;ZAPALLO;0;SEPT 
LAS GARCITAS;4;ZAPALLO;10;SEP 
ISLA DEL CERRITO;52;MANDIOCA;0,5;JUNIO
ISLA DEL CERRITO;52;ZAPALLO;0,5;JUNIO
ISLA DEL CERRITO;52;MANDIOCA;0,25;Ago-Sep
ISLA DEL CERRITO;52;ZAPALLO;0,25;
ISLA DEL CERRITO;52;MANDIOCA;0;
ISLA DEL CERRITO;52;ZAPALLO;0;
ISLA DEL CERRITO;52;MANDIOCA;0,85;Agosto
ISLA DEL CERRITO;52;MANDIOCA;0,5;Ago-Sep
ISLA DEL CERRITO;52;ZAPALLO;0,5;
ISLA DEL CERRITO;52;MANDIOCA;0,25;
ISLA DEL CERRITO;52;ZAPALLO;0,25;
ISLA DEL CERRITO;52;MANDIOCA;0,25;Ago-Sep
ISLA DEL CERRITO;52;ZAPALLO;0,25;
ISLA DEL CERRITO;52;MANDIOCA;0;Ago-Sep
ISLA DEL CERRITO;52;ZAPALLO;0;
ISLA DEL CERRITO;52;MANDIOCA;0,5;Agosto
ISLA DEL CERRITO;52;MANDIOCA;0;Ago-Sep
ISLA DEL CERRITO;52;ZAPALLO;0;Ago-Sep
ISLA DEL CERRITO;52;MANDIOCA;0,25;Ago-Sep
ISLA DEL CERRITO;52;ZAPALLO;0,25;
ISLA DEL CERRITO;52;MANDIOCA;0;Ago-Sep
ISLA DEL CERRITO;52;ZAPALLO;0;Ago-Sep
TRES ISLETAS;18;ZAPALLO;0,5;
AVIA TERAI;18;MANDIOCA;0,25;
AVIA TERAI;18;ZAPALLO;0,5;
ISLA DEL CERRITO;52;MANDIOCA;0,5;JUNIO
ISLA DEL CERRITO;52;ZAPALLO;0,5;JUNIO
GENERAL J. DE SAN MARTIN;68;ZAPALLO;1;
GENERAL J. DE SAN MARTIN;68;ZAPALLO;1;
GENERAL J. DE SAN MARTIN;68;ZAPALLO;1;
GENERAL J. DE SAN MARTIN;68;ZAPALLO;1;
GENERAL J. DE SAN MARTIN;68;ZAPALLO;1;
GENERAL J. DE SAN MARTIN;68;ZAPALLO;1;
GENERAL J. DE SAN MARTIN;68;ZAPALLO;2;
GENERAL J. DE SAN MARTIN;68;ZAPALLO;1;
GENERAL J. DE SAN MARTIN;68;ZAPALLO;1;
GENERAL J. DE SAN MARTIN;68;ZAPALLO;1;
GENERAL J. DE SAN MARTIN;68;ZAPALLO;1;
GENERAL J. DE SAN MARTIN;68;ZAPALLO;1;
LAGUNA LIMPIA;84;ZAPALLO;0,5;agosto
LAGUNA LIMPIA;84;MANDIOCA;1;AGOSTO
LAGUNA LIMPIA;84;ZAPALLO;1;AGOSTO
LAGUNA LIMPIA;84;ZAPALLO;0,5;Agosto
LAGUNA LIMPIA;84;ZAPALLO;1;AGOSTO
GENERAL J. DE SAN MARTIN;68;ZAPALLO;1;
GENERAL J. DE SAN MARTIN;68;ZAPALLO;1;
GENERAL J. DE SAN MARTIN;68;ZAPALLO;1;
GENERAL J. DE SAN MARTIN;68;ZAPALLO;1;
LAGUNA LIMPIA;84;MANDIOCA;0,5;Agosto
LAGUNA LIMPIA;84;ZAPALLO;1;Agosto
LAGUNA LIMPIA;84;MANDIOCA;0,5;agosto
LAGUNA LIMPIA;84;ZAPALLO;0,5;agosto
GENERAL VEDIA;19;MANDIOCA;1;JUN- AGOS
GENERAL VEDIA;19;ZAPALLO;0,5;JUN- AGOS
GENERAL VEDIA;19;MANDIOCA;0,25;
GENERAL VEDIA;19;ZAPALLO;0,25;
GENERAL VEDIA;19;MANDIOCA;0,5;JUN-AGO
GENERAL VEDIA;19;ZAPALLO;0,5;JUN-AGOS
GENERAL VEDIA;19;MANDIOCA;0,5;SEP
GENERAL VEDIA;19;ZAPALLO;0,5;OCT
LAGUNA LIMPIA;84;ZAPALLO;0,5;agosto
LAGUNA LIMPIA;84;MANDIOCA;1;agosto
LAGUNA LIMPIA;84;ZAPALLO;1;agosto
GENERAL VEDIA;19;MANDIOCA;0,25;SEPT
GENERAL VEDIA;19;ZAPALLO;0,25;SEPT
GENERAL VEDIA;19;MANDIOCA;0,25;
GENERAL VEDIA;19;ZAPALLO;0,25;
LAGUNA LIMPIA;84;ZAPALLO;0,8;
GENERAL J. DE SAN MARTIN;21;MANDIOCA;0,01;AGOSTO
LAGUNA LIMPIA;84;MANDIOCA;1;
LAGUNA LIMPIA;84;ZAPALLO;1;
GENERAL J. DE SAN MARTIN;21;MANDIOCA;0,25;SEPT-OCT
GENERAL J. DE SAN MARTIN;21;ZAPALLO;0,25;SEPT-OCT
GENERAL J. DE SAN MARTIN;21;MANDIOCA;0,25;AGOSTO JUNTO CON POROTOS
GENERAL J. DE SAN MARTIN;21;ZAPALLO;0,25;AGOSTO
LAGUNA LIMPIA;84;ZAPALLO;0,5;
GENERAL VEDIA;19;MANDIOCA;0,25;
GENERAL VEDIA;19;ZAPALLO;0,25;
LAGUNA LIMPIA;84;ZAPALLO;1;
LAGUNA LIMPIA;84;ZAPALLO;1;
GENERAL VEDIA;19;ZAPALLO;0,5;ANUAL
LAGUNA LIMPIA;84;ZAPALLO;0,8;Agosto
LAGUNA LIMPIA;84;ZAPALLO;0,8;agosto
GENERAL J. DE SAN MARTIN;84;MANDIOCA;1;
GENERAL J. DE SAN MARTIN;84;ZAPALLO;1;
GENERAL J. DE SAN MARTIN;84;MANDIOCA;1;
GENERAL J. DE SAN MARTIN;84;ZAPALLO;1;
GENERAL J. DE SAN MARTIN;84;MANDIOCA;0;
GENERAL J. DE SAN MARTIN;84;ZAPALLO;0;
LAGUNA LIMPIA;84;MANDIOCA;0,2;
LAGUNA LIMPIA;84;ZAPALLO;0,2;
LAGUNA LIMPIA;84;ZAPALLO;1;
LAGUNA LIMPIA;84;MANDIOCA;0,25;
LAGUNA LIMPIA;84;ZAPALLO;0,25;
LAGUNA LIMPIA;84;MANDIOCA;1;
LAGUNA LIMPIA;84;ZAPALLO;1;
LAGUNA LIMPIA;84;ZAPALLO;1;AGOS
LAGUNA LIMPIA;84;MANDIOCA;0,5;AGOS
LAGUNA LIMPIA;84;ZAPALLO;0,5;AGOS
LAGUNA LIMPIA;84;MANDIOCA;1;AGOS
LAGUNA LIMPIA;84;ZAPALLO;1;AGOS
LAGUNA LIMPIA;84;MANDIOCA;0,3;AGOS
LAGUNA LIMPIA;84;MANDIOCA;0,5;AGOS
LAGUNA LIMPIA;84;ZAPALLO;1;AGOS- NOV
GENERAL VEDIA;19;MANDIOCA;0,5;
GENERAL VEDIA;19;ZAPALLO;1;
GENERAL VEDIA;19;MANDIOCA;0,25;
GENERAL VEDIA;19;ZAPALLO;0,25;
GENERAL VEDIA;19;MANDIOCA;2;
GENERAL VEDIA;19;ZAPALLO;2;
GENERAL VEDIA;19;MANDIOCA;1;ANUAL
GENERAL VEDIA;19;MANDIOCA;1;ANUAL
GENERAL VEDIA;19;MANDIOCA;0,5;
GENERAL VEDIA;19;MANDIOCA;0,5;
GENERAL VEDIA;19;ZAPALLO;0,5;ANUAL
GENERAL VEDIA;19;ZAPALLO;0,5;ANUAL
GENERAL VEDIA;19;ZAPALLO;0,5;
GENERAL VEDIA;19;ZAPALLO;0,5;
GENERAL VEDIA;19;MANDIOCA;0,25;
GENERAL VEDIA;19;ZAPALLO;0,25;
GENERAL VEDIA;19;MANDIOCA;0,5;FEBRERO
GENERAL VEDIA;19;ZAPALLO;0,5;FEBRERO
GENERAL VEDIA;19;MANDIOCA;0;AGOSTO
GENERAL VEDIA;19;MANDIOCA;0,25;
GENERAL VEDIA;19;ZAPALLO;0,1;
JUAN JOSE CASTELLI;48;ZAPALLO;3;JUL
JUAN JOSE CASTELLI;48;ZAPALLO;15;DIC
JUAN JOSE CASTELLI;48;ZAPALLO;1;
GENERAL VEDIA;19;MANDIOCA;0,25;
GENERAL VEDIA;19;ZAPALLO;0,25;
GENERAL VEDIA;19;MANDIOCA;0,25;
GENERAL VEDIA;19;ZAPALLO;0,25;
GENERAL VEDIA;19;MANDIOCA;0,5;JUNIO
GENERAL VEDIA;19;ZAPALLO;0,5;JUNIO
GENERAL VEDIA;19;MANDIOCA;0,25;
GENERAL VEDIA;19;MANDIOCA;0,5;ANUAL
GENERAL VEDIA;19;ZAPALLO;1;ANUAL
MAKALLE;45;MANDIOCA;0,5;
MAKALLE;45;MANDIOCA;0,5;
MAKALLE;45;ZAPALLO;0,5;
COLONIA BENITEZ;6;MANDIOCA;2;
COLONIA BENITEZ;6;ZAPALLO;2;
COLONIA BENITEZ;6;MANDIOCA;0;
COLONIA BENITEZ;6;ZAPALLO;0;
GENERAL J. DE SAN MARTIN;23;BATATA;0,5;AGOSTO
GENERAL J. DE SAN MARTIN;23;MANDIOCA;1;AGOSTO
NULL;9;MANDIOCA;1;SEP
NULL;9;ZAPALLO;0;SEP Y FEB
NULL;9;MANDIOCA;0;SEP
NULL;9;ZAPALLO;0;SEP-FEB
NULL;9;MANDIOCA;0;SEP
NULL;9;ZAPALLO;0;SEP-FEB
NULL;9;MANDIOCA;0;SEP
NULL;9;ZAPALLO;0;SEP-FEB
NULL;9;MANDIOCA;0;SEP
NULL;9;ZAPALLO;0;SEP-FEB
NULL;8;MANDIOCA;0,25;SEP
NULL;8;ZAPALLO;0,25;SEP
NULL;8;MANDIOCA;0,25;SEP
NULL;8;ZAPALLO;0,25;SEP
NULL;8;ZAPALLO;0,25;JUL
NULL;19;MANDIOCA;0;
NULL;19;ZAPALLO;0;
NULL;19;MANDIOCA;0;
NULL;19;ZAPALLO;0;
PAMPA ALMIRON;55;BATATA;3;
PAMPA ALMIRON;55;BATATA;3;
PAMPA ALMIRON;55;MANDIOCA;3;
PAMPA ALMIRON;55;MANDIOCA;3;
GENERAL J. DE SAN MARTIN;24;MANDIOCA;1;
GENERAL J. DE SAN MARTIN;24;ZAPALLO;1;
MARGARITA BELEN;94;ZAPALLO;0;
COLONIA BENITEZ;6;ZAPALLO;1;VERANO
CAPITAN SOLARI;41;MANDIOCA;0;
CAPITAN SOLARI;41;MANDIOCA;0;
CAPITAN SOLARI;41;ZAPALLO;0;
CAPITAN SOLARI;41;MANDIOCA;0;
CAPITAN SOLARI;41;ZAPALLO;0;
CAPITAN SOLARI;41;MANDIOCA;0;
CAPITAN SOLARI;41;ZAPALLO;0;
NULL;31;ZAPALLO;0,25;ENE
NULL;31;ZAPALLO;0,25;ENE
NULL;31;ZAPALLO;1;SEP
NULL;31;ZAPALLO;0;AGO
QUITILIPI;72;ZAPALLO;1;AGOSTO
PRESIDENCIA ROCA;70;ZAPALLO;1;AGOSTO-SEPTIEMBRE
TRES ISLETAS;37;MANDIOCA;0;
TRES ISLETAS;37;ZAPALLO;0;
TRES ISLETAS;37;ZAPALLO;2;
GENERAL J. DE SAN MARTIN;23;ZAPALLO;1;ENERO-DICIEMBRE
GENERAL J. DE SAN MARTIN;22;ZAPALLO;0,5;
PAMPA ALMIRON;55;MANDIOCA;0,25;
GENERAL J. DE SAN MARTIN;21;MANDIOCA;0,25;SEPTIEMBRE-ENERO
GENERAL J. DE SAN MARTIN;21;MANDIOCA;1;AGOSTO
GENERAL J. DE SAN MARTIN;21;MANDIOCA;1;AGOSTO
GENERAL J. DE SAN MARTIN;21;ZAPALLO;5;AGOSTO
GENERAL J. DE SAN MARTIN;21;ZAPALLO;5;AGOSTO
GENERAL J. DE SAN MARTIN;24;MANDIOCA;1;
GENERAL J. DE SAN MARTIN;24;MANDIOCA;0,5;
GENERAL J. DE SAN MARTIN;24;ZAPALLO;0,5;
JUAN JOSE CASTELLI;49;ZAPALLO;3;
JUAN JOSE CASTELLI;49;MANDIOCA;3;
JUAN JOSE CASTELLI;49;ZAPALLO;3;
TRES ISLETAS;12;ZAPALLO;0,25;
TRES ISLETAS;12;ZAPALLO;1;
TRES ISLETAS;12;ZAPALLO;15;
MARGARITA BELEN;6;BATATA;1;
MARGARITA BELEN;6;MANDIOCA;1;
MARGARITA BELEN;6;BATATA;0;
MARGARITA BELEN;6;MANDIOCA;0;
MARGARITA BELEN;6;ZAPALLO;0;
EL SAUZALITO;85;BATATA;0,5;Septiembre
EL SAUZALITO;85;ZAPALLO;0,5;Septiembre
PRESIDENCIA ROQUE SAENZ PEÑA;51;BATATA;0,25;
PRESIDENCIA ROQUE SAENZ PEÑA;51;BATATA;0,25;
PRESIDENCIA ROQUE SAENZ PEÑA;51;MANDIOCA;0,25;
PRESIDENCIA ROQUE SAENZ PEÑA;51;MANDIOCA;0,25;
PRESIDENCIA ROQUE SAENZ PEÑA;51;ZAPALLO;0,5;
PRESIDENCIA ROQUE SAENZ PEÑA;51;ZAPALLO;0,5;
PRESIDENCIA ROQUE SAENZ PEÑA;51;ZAPALLO;1;
PRESIDENCIA ROQUE SAENZ PEÑA;51;ZAPALLO;0,5;
GENERAL J. DE SAN MARTIN;24;MANDIOCA;0;
LAS PALMAS;8;MANDIOCA;0,5;AGOSTO
LAS PALMAS;8;ZAPALLO;0,5;AGOSTO
LA LEONESA;9;BATATA;5;
LA LEONESA;9;MANDIOCA;1;
LA LEONESA;9;ZAPALLO;1;
LAS PALMAS;8;MANDIOCA;0,5;JULIO
LAS PALMAS;8;ZAPALLO;0,5;JULIO
LAS PALMAS;8;MANDIOCA;0,5;SEPTIEMBRE
LAS PALMAS;8;ZAPALLO;2,5;AGOSTO-ENERO
LA LEONESA;9;MANDIOCA;0;
LAS PALMAS;8;MANDIOCA;0,25;AGOSTO
LAS PALMAS;8;ZAPALLO;0,25;AGOSTO
LAS PALMAS;8;MANDIOCA;0,5;AGOSTO
LAS PALMAS;8;ZAPALLO;0,5;AGOSTO
LAS PALMAS;8;BATATA;0,25;AGOSTO
LAS PALMAS;8;MANDIOCA;0,25;AGOSTO
LAS PALMAS;8;ZAPALLO;1;AGOSTO
LAS PALMAS;8;ZAPALLO;2;AGOSTO
LAS PALMAS;8;MANDIOCA;0,5;AGOSTO
LAS PALMAS;8;ZAPALLO;4,5;AGOSTO
LA LEONESA;9;BATATA;0;SEP-FEB
LA LEONESA;9;MANDIOCA;0;SEP-FEB
LA LEONESA;9;ZAPALLO;0;SEP-FEB
LA LEONESA;9;BATATA;0,5;ANUAL 
LA LEONESA;9;MANDIOCA;0,5;ANUAL
LA LEONESA;9;ZAPALLO;0;ANUAL
LA LEONESA;9;BATATA;0;ANUAL
LA LEONESA;9;MANDIOCA;0;ANUAL
LA LEONESA;9;ZAPALLO;0;ANUAL
LA LEONESA;9;BATATA;0;ANUAL
LA LEONESA;9;MANDIOCA;0;ANUAL
LA LEONESA;9;ZAPALLO;0;ANUAL
NULL;55;BATATA;2;
NULL;55;MANDIOCA;1;
PAMPA ALMIRON;55;ZAPALLO;10;
PAMPA ALMIRON;55;ZAPALLO;2;SEPTIEMBRE
PAMPA ALMIRON;55;BATATA;0,5;
PAMPA ALMIRON;55;MANDIOCA;0,5;
PAMPA ALMIRON;55;ZAPALLO;0,5;
PAMPA ALMIRON;55;ZAPALLO;2;
PAMPA ALMIRON;55;BATATA;1;
PAMPA ALMIRON;55;MANDIOCA;1;
PAMPA ALMIRON;55;ZAPALLO;2;
PAMPA ALMIRON;55;BATATA;0;
PAMPA ALMIRON;55;MANDIOCA;0;
PAMPA ALMIRON;55;BATATA;0;
PAMPA ALMIRON;55;MANDIOCA;0;
PAMPA ALMIRON;55;ZAPALLO;2;
PRESIDENCIA ROQUE SAENZ PEÑA;NULL;MANDIOCA;0,5;
PRESIDENCIA ROQUE SAENZ PEÑA;51;BATATA;0,5;
PRESIDENCIA ROQUE SAENZ PEÑA;51;MANDIOCA;0,5;
PRESIDENCIA ROQUE SAENZ PEÑA;51;ZAPALLO;0,5;
PRESIDENCIA ROQUE SAENZ PEÑA;51;ZAPALLO;3;
LAPACHITO;46;MANDIOCA;1;SEPTIEMBRE
LA VERDE;46;MANDIOCA;1;SEPTIEMBRE
LA VERDE;46;ZAPALLO;1;SEPTIEMBRE
GENERAL J. DE SAN MARTIN;22;ZAPALLO;0,5;JULIO-AGOSTO
ISLA DEL CERRITO;52;MANDIOCA;0,5;
ISLA DEL CERRITO;52;ZAPALLO;0,5;
ISLA DEL CERRITO;52;BATATA;0;
ISLA DEL CERRITO;52;MANDIOCA;0;
ISLA DEL CERRITO;52;ZAPALLO;0;
ISLA DEL CERRITO;52;BATATA;0;
ISLA DEL CERRITO;52;MANDIOCA;0;
ISLA DEL CERRITO;52;ZAPALLO;0;
ISLA DEL CERRITO;52;MANDIOCA;5;
ISLA DEL CERRITO;52;MANDIOCA;5;
GENERAL J. DE SAN MARTIN;23;BATATA;0;
GENERAL J. DE SAN MARTIN;23;MANDIOCA;0;
GENERAL J. DE SAN MARTIN;23;ZAPALLO;0;
GENERAL J. DE SAN MARTIN;23;BATATA;2;AGOSTO
GENERAL J. DE SAN MARTIN;23;BATATA;1;
GENERAL J. DE SAN MARTIN;23;MANDIOCA;1;
CORZUELA;43;ZAPALLO;1;
CORZUELA;43;ZAPALLO;2;
TRES ISLETAS;88;MANDIOCA;0,5;FEB
TRES ISLETAS;88;ZAPALLO;1;FEB
PAMPA DEL INDIO;95;ZAPALLO;2;
PAMPA DEL INDIO;95;ZAPALLO;1,5;
PUERTO BERMEJO;20;BATATA;0,25;
PUERTO BERMEJO;20;MANDIOCA;0,25;
PUERTO BERMEJO;20;ZAPALLO;0,25;
SANTA SYLVINA;25;BATATA;0,5;OCTUBRE
SANTA SYLVINA;25;ZAPALLO;0,5;SEPTIEMBRE
SANTA SYLVINA;25;BATATA;0,25;OCTUBRE
SANTA SYLVINA;25;ZAPALLO;0,25;AGOSTO
SANTA SYLVINA;25;BATATA;0,5;OCTUBRE
SANTA SYLVINA;25;ZAPALLO;0;SEPTIEMBRE
SANTA SYLVINA;25;MANDIOCA;0,25;
SANTA SYLVINA;25;ZAPALLO;0,5;AGOSTO
SANTA SYLVINA;25;ZAPALLO;0,5;SEPTIEMBRE
SANTA SYLVINA;25;ZAPALLO;1;
SANTA SYLVINA;25;BATATA;0,25;
SANTA SYLVINA;25;ZAPALLO;0,25;
MARGARITA BELEN;6;ZAPALLO;0;
MARGARITA BELEN;6;BATATA;0,5;
MARGARITA BELEN;6;MANDIOCA;0,5;
GENERAL J. DE SAN MARTIN;23;BATATA;1,5;ANUAL
GENERAL J. DE SAN MARTIN;23;MANDIOCA;1,5;ANUAL
GENERAL J. DE SAN MARTIN;23;ZAPALLO;2;ANUAL
COLONIA ELISA;86;ZAPALLO;0,5;SEPTIEMBRE
COLONIA ELISA;86;BATATA;1;OCTUBRE
COLONIA ELISA;86;ZAPALLO;1;OCTUBRE
COLONIA ELISA;86;MANDIOCA;0,25;SEPTIEMBRE
COLONIA ELISA;86;MANDIOCA;1;OCTUBRE
COLONIA ELISA;86;ZAPALLO;1;OCTUBRE 
COLONIA ELISA;86;BATATA;0,5;OCTUBRE
COLONIA ELISA;86;MANDIOCA;0,5;OCTUBRE
COLONIA ELISA;86;ZAPALLO;1;OCTUBRE
COLONIA ELISA;86;BATATA;0,5;AGOSTO
COLONIA ELISA;86;MANDIOCA;0,5;SEPTIEMBRE
COLONIA ELISA;86;BATATA;1;OCTUBRE
COLONIA ELISA;86;MANDIOCA;1;OCTUBRE
COLONIA ELISA;86;ZAPALLO;1;OCTUBRE
COLONIA ELISA;86;MANDIOCA;1;SEPTIEMBRE
COLONIA ELISA;86;ZAPALLO;0,25;AGOSTO
COLONIA ELISA;86;BATATA;1;OCTUBRE
COLONIA ELISA;86;MANDIOCA;1;OCTUBRE
COLONIA ELISA;86;ZAPALLO;1;OCTUBRE
COLONIA ELISA;86;MANDIOCA;1,6;SEPTIEMBRE
COLONIA ELISA;86;ZAPALLO;1,6;SEPTIEMBRE
COLONIA ELISA;86;MANDIOCA;0,5;NOVIEMBRE
COLONIA ELISA;86;ZAPALLO;0,5;NOVIEMBRE
COLONIA ELISA;86;BATATA;0,5;JULIO
COLONIA ELISA;86;ZAPALLO;0,5;JULIO
COLONIA ELISA;86;BATATA;0,5;NOVIEMBRE
COLONIA ELISA;86;MANDIOCA;1;SEPTIEMBRE
COLONIA ELISA;86;ZAPALLO;0,5;NOVIEMBRE
COLONIA ELISA;86;BATATA;0,5;MAYO
COLONIA ELISA;86;ZAPALLO;0,5;MAYO
COLONIA ELISA;86;BATATA;1;
COLONIA ELISA;86;MANDIOCA;0;
COLONIA ELISA;86;ZAPALLO;1;
COLONIA ELISA;86;BATATA;0,4;
COLONIA ELISA;86;MANDIOCA;0,5;
COLONIA ELISA;86;BATATA;0,5;OCTUBRE
COLONIA ELISA;86;MANDIOCA;0,5;OCTUBRE
COLONIA ELISA;86;ZAPALLO;0,5;OCTUBRE
COLONIA ELISA;86;BATATA;1;OCTUBRE
COLONIA ELISA;86;MANDIOCA;1;OCTUBRE
COLONIA ELISA;86;ZAPALLO;1;OCTUBRE
PRESIDENCIA ROCA;70;BATATA;0;NOVIEMBRE
PRESIDENCIA ROCA;70;MANDIOCA;0;SEPTIEMBRE
PRESIDENCIA ROCA;70;ZAPALLO;0;SEPTIEMBRE
PRESIDENCIA ROCA;70;ZAPALLO;0,25;SEPTIEMBRE
GENERAL J. DE SAN MARTIN;67;BATATA;20;
COLONIA ELISA;86;BATATA;0;
COLONIA ELISA;86;MANDIOCA;0;
COLONIA ELISA;86;ZAPALLO;0;
COLONIA ELISA;86;BATATA;0;AGOSTO
COLONIA ELISA;86;MANDIOCA;0;AGOSTO
COLONIA ELISA;86;ZAPALLO;0;AGOSTO
COLONIA ELISA;86;ZAPALLO;1;
COLONIA ELISA;86;BATATA;0,5;SEPTIEMBRE
COLONIA ELISA;86;MANDIOCA;0,5;SEPTIEMBRE
COLONIA ELISA;86;ZAPALLO;0,5;SEPTIEMBRE
PAMPA DEL INFIERNO;16;ZAPALLO;1,5;
LAPACHITO;46;ZAPALLO;0;AGOSTO
COLONIA BENITEZ;6;ZAPALLO;0;
BASAIL;47;BATATA;3;
BASAIL;47;ZAPALLO;2;
PRESIDENCIA ROCA;70;ZAPALLO;2;JULIO
PRESIDENCIA ROCA;70;MANDIOCA;2;
NULL;70;BATATA;0,5;AGOSTO
NULL;70;MANDIOCA;0,5;AGOSTO
NULL;70;ZAPALLO;1;AGOST0
PRESIDENCIA ROCA;70;ZAPALLO;2;JULIO
PRESIDENCIA ROCA;NULL;MANDIOCA;1;OCTUBRE-NOVIEMBRE
PRESIDENCIA ROCA;NULL;ZAPALLO;2;NOVIEMBRE
PRESIDENCIA ROCA;70;MANDIOCA;1;AGOST0
PUERTO VILELAS;54;ZAPALLO;0,5;
PUERTO VILELAS;54;ZAPALLO;0,5;
PUERTO VILELAS;54;BATATA;0,5;
PUERTO VILELAS;54;ZAPALLO;1;
PUERTO VILELAS;54;BATATA;0,5;
LAGUNA LIMPIA;84;MANDIOCA;1;AGOSTO 
LAGUNA LIMPIA;84;ZAPALLO;1,5;AGOSTO
LAGUNA LIMPIA;84;BATATA;0,5;
LAGUNA LIMPIA;84;MANDIOCA;0,5;
LAGUNA LIMPIA;84;ZAPALLO;1;
PUERTO VILELAS;54;MANDIOCA;0;
PUERTO VILELAS;54;BATATA;1;
PUERTO VILELAS;54;BATATA;1;
PUERTO VILELAS;54;MANDIOCA;0,5;
PUERTO VILELAS;54;ZAPALLO;0,5;
PUERTO VILELAS;54;MANDIOCA;1;
PUERTO VILELAS;54;MANDIOCA;1;
PUERTO VILELAS;54;MANDIOCA;0;
PUERTO VILELAS;54;BATATA;1;
PUERTO VILELAS;54;MANDIOCA;1;
PUERTO VILELAS;54;ZAPALLO;1;
PUERTO VILELAS;54;MANDIOCA;1;
PUERTO VILELAS;54;ZAPALLO;1;
BASAIL;47;BATATA;0;
BASAIL;47;ZAPALLO;0;
BASAIL;47;ZAPALLO;0,5;
BASAIL;47;ZAPALLO;3;
MARGARITA BELEN;94;MANDIOCA;0;
MARGARITA BELEN;94;ZAPALLO;0;
MARGARITA BELEN;94;BATATA;0,5;
MARGARITA BELEN;94;MANDIOCA;0,5;
MARGARITA BELEN;94;BATATA;2;
MARGARITA BELEN;94;MANDIOCA;1;
MARGARITA BELEN;94;ZAPALLO;2;
NAPENAY;17;ZAPALLO;0,5;
VILLA BERTHET;7;ZAPALLO;0,5;
TACO POZO;27;ZAPALLO;1;
TACO POZO;27;ZAPALLO;1;
TACO POZO;27;ZAPALLO;1;
TACO POZO;27;ZAPALLO;0,5;
TACO POZO;27;ZAPALLO;1;
